City,Price,Beds,Baths,SQFT,LotSize,YearBuilt,Age,Parking,DOM,BeenReduced,LAT,LONG,ShortSale,Validation
St. Paul,214000,3,2,1954,6969,1918,96,2,117,Y,44.991634,-93.142616,FALSE,Training
St. Paul,134900,3,1,1028,4356,1911,103,1,93,Y,44.957291,-93.142624,FALSE,Test
St. Paul,129722,4,1,1420,5227,1900,114,0,77,Y,44.954708,-93.057976,FALSE,Training
St. Paul,134900,2,1.75,904,8712,1928,86,3,57,Y,44.952404,-93.142693,FALSE,Validation
St. Paul,134900,4,1,1980,4791,1904,110,2,117,Y,44.964642,-93.057945,FALSE,Training
Minneapolis,159000,3,2,1594,3484,1900,114,2,8,N,45.012962,-93.244789,FALSE,Training
St. Paul,69900,3,1.25,1255,7405,1894,120,3,91,N,44.971966,-93.05616,FALSE,Training
St. Paul,79990,2,1.25,816,4791,1927,87,1,5,N,44.977798,-93.057526,TRUE,Training
St. Paul,69900,3,1.5,1200,4791,1876,138,0,68,N,44.960121,-93.057121,FALSE,Training
St. Paul,249900,3,1.75,2056,6098,1952,62,1,77,N,44.910465,-93.181953,FALSE,Training
St. Paul,149900,5,1.75,1602,4791,1915,99,2,37,N,44.954582,-93.143738,FALSE,Test
St. Paul,177500,2,1,1538,4791,1929,85,1,75,N,44.972698,-93.134132,FALSE,Training
St. Paul,144900,3,1,1108,4791,1947,67,2,9,N,44.962364,-93.144569,FALSE,Training
St. Paul,464900,3,1.75,2132,12196,1956,58,2,34,N,44.909348,-93.180634,FALSE,Training
St. Paul,72000,3,2,1644,6969,1914,100,2,9,N,44.958725,-93.145119,FALSE,Training
St. Paul,147500,3,1,1455,5662,1953,61,5,100,Y,44.973854,-93.029457,FALSE,Training
St. Paul,119900,2,1,735,5662,1946,68,1,37,N,44.965065,-93.145378,FALSE,Test
St. Paul,57500,3,2,1117,4791,1908,106,2,84,Y,44.973686,-93.108864,FALSE,Training
St. Paul,80000,2,1.5,776,5662,1917,97,2,19,N,44.97377,-93.118416,TRUE,Test
St. Paul,214900,3,1.75,1434,6098,1951,63,2,70,N,44.90863,-93.187813,FALSE,Test
St. Paul,154900,4,2,1834,4791,1906,108,2,21,N,44.973911,-93.110695,FALSE,Training
St. Paul,79900,2,1,700,5662,1910,104,1,77,Y,44.973938,-93.115227,FALSE,Training
St. Paul,129900,3,1.75,1252,4791,1921,93,2,76,N,44.975998,-93.054565,FALSE,Test
St. Paul,699900,7,4.25,3955,6534,1923,91,2,7,N,44.933537,-93.145943,FALSE,Training
St. Paul,364900,3,2.25,1848,6098,1938,76,3,92,Y,44.93922,-93.146172,FALSE,Validation
St. Paul,94850,2,1,936,4791,1926,88,2,137,N,44.960629,-93.054131,FALSE,Training
St. Paul,104900,2,1,936,10454,1919,95,9,20,N,44.951061,-93.05423,FALSE,Validation
St. Paul,225000,4,1,1818,38768,1900,114,2,137,Y,44.990578,-93.101143,FALSE,Test
Minneapolis,259800,3,1.5,1295,4356,1909,105,1,51,N,44.915787,-93.278603,FALSE,Training
St. Paul,199900,3,1,1600,6098,1922,92,2,117,N,44.980007,-93.054131,FALSE,Training
St. Paul,186900,2,1,938,5662,1926,88,1,86,Y,44.927601,-93.146851,FALSE,Validation
St. Paul,123900,4,1,1075,5227,1922,92,3,15,N,44.97456,-93.0504,FALSE,Training
St. Paul,699900,6,4.25,5223,26136,1912,102,12,44,Y,44.940853,-93.147011,FALSE,Validation
St. Paul,149990,3,2,1220,4791,2014,0,1,104,N,44.966068,-93.053917,FALSE,Test
Minneapolis,499999,3,2.5,2402,6969,1931,83,2,56,Y,44.913395,-93.258186,FALSE,Validation
Minneapolis,129900,3,2.25,1496,3484,2006,8,2,63,N,45.004608,-93.294952,FALSE,Training
St. Paul,129900,3,1.25,964,8276,1970,44,2,5,N,44.955235,-93.053474,TRUE,Validation
St. Paul,169900,3,1.5,1480,4791,1926,88,3,45,N,44.975105,-93.0504,FALSE,Training
Minneapolis,850000,4,3.25,3646,8712,1932,82,2,137,Y,44.919872,-93.294502,TRUE,Training
St. Paul,129900,2,1.5,1781,3920,1923,91,1,19,N,44.977295,-93.053085,TRUE,Training
St. Paul,129900,2,1.5,1407,4791,1909,105,2,33,Y,44.975082,-93.10759,FALSE,Training
St. Paul,76500,3,1,1108,2613,1890,124,1,36,N,44.965164,-93.052773,TRUE,Validation
St. Paul,369900,3,2.75,1870,6098,1922,92,1,89,Y,44.936054,-93.14785,FALSE,Training
St. Paul,129900,3,1,1005,4791,1920,94,2,77,Y,44.957291,-93.148102,FALSE,Training
St. Paul,99900,4,1.75,1900,4791,1926,88,1,119,Y,44.977798,-93.052315,FALSE,Validation
St. Paul,119900,3,2,1696,6969,1912,102,2,112,Y,44.949902,-93.062836,FALSE,Training
St. Paul,134900,3,1,1110,6534,1949,65,3,8,N,44.975792,-93.028221,FALSE,Training
Minneapolis,549000,4,1.5,2012,7840,1923,91,1,47,Y,44.912052,-93.279961,FALSE,Training
St. Paul,124900,3,2.25,2179,8712,1911,103,5,113,Y,44.975971,-93.077736,FALSE,Training
St. Paul,229900,3,1.5,1835,4791,1906,108,2,137,Y,44.987713,-93.148537,TRUE,Test
St. Paul,139900,4,1.75,1400,5227,1938,76,1,75,Y,44.959236,-93.051765,FALSE,Training
St. Paul,123900,3,1,1148,10890,1888,126,2,112,Y,44.975945,-93.076996,FALSE,Training
St. Paul,152900,4,1.75,1904,3920,1922,92,1,7,N,44.948277,-93.148842,FALSE,Training
St. Paul,129900,4,1.75,1424,5227,1948,66,1,110,N,44.976227,-93.112686,FALSE,Training
St. Paul,62400,1,1,510,4791,1928,86,1,119,N,44.972778,-93.051414,FALSE,Training
St. Paul,124900,2,1,676,4791,1940,74,2,56,N,44.961823,-93.149513,FALSE,Test
St. Paul,117000,2,1,1017,13285,1889,125,2,106,Y,44.954735,-93.051445,FALSE,Training
St. Paul,264900,3,1.75,2304,5227,1922,92,2,117,Y,44.978699,-93.051247,FALSE,Training
St. Paul,119900,2,1,1314,5662,1941,73,1,29,N,44.97633,-93.114479,FALSE,Test
St. Paul,89900,5,1.75,1835,6534,1894,120,2,1,N,44.990303,-93.104721,FALSE,Training
St. Paul,675000,2,2.25,3130,6098,1925,89,3,107,N,44.936527,-93.149643,FALSE,Test
St. Paul,160000,3,1.75,1894,6534,1953,61,1,77,Y,44.976803,-93.078262,FALSE,Training
St. Paul,120000,3,1.25,1183,4791,1939,75,1,13,N,44.976944,-93.077713,FALSE,Training
St. Paul,139900,3,1.75,1201,4791,1917,97,2,119,Y,44.95871,-93.150612,FALSE,Test
St. Paul,129900,3,1.25,1600,6098,1941,73,0,36,N,44.950699,-93.050262,FALSE,Training
St. Paul,179900,3,1,864,6098,1953,61,2,86,Y,44.905338,-93.183754,FALSE,Test
St. Paul,375000,3,1.75,1980,9147,1990,24,2,137,Y,44.942013,-93.150826,FALSE,Training
St. Paul,329900,3,2.75,2478,6098,1937,77,2,57,Y,44.924892,-93.15094,FALSE,Test
Minneapolis,519900,3,2.5,2973,6098,1923,91,4,137,Y,44.907166,-93.29483,FALSE,Test
St. Paul,1375000,5,4.25,4934,14810,1910,104,2,137,N,44.944958,-93.115173,FALSE,Test
St. Paul,750000,5,3.5,3849,13503,1933,81,3,77,N,44.920876,-93.151428,FALSE,Training
St. Paul,140000,3,1.5,1167,8712,1915,99,2,137,Y,44.978348,-93.124138,FALSE,Validation
St. Paul,139900,2,1,1530,9147,1950,64,1,9,N,44.957508,-93.048401,FALSE,Training
St. Paul,90000,3,1,1308,5227,1880,134,4,57,Y,44.965187,-93.048447,TRUE,Training
St. Paul,169900,4,1.5,1744,4791,1890,124,0,50,N,44.961803,-93.152847,FALSE,Test
St. Paul,124000,3,2.5,1700,9147,1915,99,2,18,N,44.966984,-93.047867,FALSE,Training
St. Paul,159900,2,1,1120,4791,1940,74,1,137,Y,44.923996,-93.153175,FALSE,Test
St. Paul,299500,3,1.75,1395,4791,1927,87,2,2,N,44.931755,-93.153152,FALSE,Training
St. Paul,129850,3,1,1382,5227,1929,85,2,49,N,44.979248,-93.077744,FALSE,Validation
St. Paul,199000,4,1.25,1887,125888,1885,129,2,96,N,44.903839,-93.009346,FALSE,Training
St. Paul,159900,3,1,1184,10454,1931,83,5,110,Y,44.979492,-93.126785,FALSE,Training
St. Paul,134990,3,1,1774,5227,1921,93,4,103,Y,44.958855,-93.046776,FALSE,Training
St. Paul,99000,2,1,960,5532,1919,95,1,12,N,44.97958,-93.10685,FALSE,Training
St. Paul,165000,4,1.5,1544,5227,1913,101,2,96,N,44.967216,-93.154083,FALSE,Training
St. Paul,84900,3,1.75,1381,3920,1891,123,3,99,Y,44.979755,-93.075775,FALSE,Training
St. Paul,153334,3,1,1120,5227,1916,98,2,72,Y,44.967205,-93.154472,FALSE,Validation
St. Paul,439000,4,2.5,3007,13068,1927,87,2,1,N,44.980263,-93.134377,FALSE,Training
St. Paul,414900,5,3.5,2922,4791,2004,10,2,12,N,44.928524,-93.154785,FALSE,Training
St. Paul,124900,3,1.5,1140,6098,1947,67,4,137,N,44.980152,-93.111389,FALSE,Training
St. Paul,559900,4,3.25,2762,4791,2014,0,4,11,N,44.92218,-93.155106,FALSE,Training
St. Paul,699900,5,3.75,4500,14810,1927,87,2,77,N,44.945347,-93.196625,FALSE,Training
St. Paul,155900,4,1.5,1806,5227,1910,104,1,2,N,44.980534,-93.1101,FALSE,Training
St. Paul,520000,4,3.5,2907,4791,2013,1,2,57,N,44.920876,-93.155418,FALSE,Training
St. Paul,225000,3,1.75,1252,4791,1925,89,2,65,N,44.923096,-93.155838,FALSE,Training
St. Paul,279900,3,1.75,1400,4791,1929,85,2,12,N,44.928528,-93.155869,FALSE,Validation
Minneapolis,119000,2,1,644,5662,1900,114,2,57,Y,45.001488,-93.257919,FALSE,Validation
St. Paul,129900,3,1.5,1008,4791,1900,114,2,77,Y,44.958683,-93.156013,FALSE,Test
St. Paul,324900,4,3.5,2908,4791,2004,10,2,65,Y,44.920376,-93.156189,FALSE,Training
St. Paul,499000,3,2.5,1820,4791,2013,1,2,92,N,44.920879,-93.156189,FALSE,Training
St. Paul,289900,3,1.75,1604,4791,1925,89,2,65,Y,44.92128,-93.156647,FALSE,Test
St. Paul,159900,4,1,1740,4791,1889,125,2,86,Y,44.959591,-93.157021,FALSE,Training
St. Paul,144850,4,1,1498,4791,1952,62,1,33,N,44.96067,-93.043449,FALSE,Training
St. Paul,182500,4,1.5,2288,9583,1958,56,4,89,Y,44.982147,-93.042671,FALSE,Training
St. Paul,162900,4,1.75,1677,6098,1963,51,1,19,Y,44.982059,-93.077019,FALSE,Training
St. Paul,58895,4,1,1589,15245,1914,100,2,92,Y,44.969845,-93.042847,FALSE,Test
St. Paul,40000,4,1,1720,3920,1890,124,1,119,N,44.965683,-93.094833,TRUE,Validation
St. Paul,179900,4,2,3123,4791,1961,53,2,93,Y,44.98222,-93.12336,FALSE,Training
St. Paul,195000,3,1,1585,5227,1914,100,2,23,N,44.934498,-93.157745,FALSE,Training
St. Paul,119000,3,1.5,1412,6969,1922,92,2,119,Y,44.961594,-93.042603,FALSE,Test
St. Paul,199900,3,1.5,1270,4791,1917,97,4,5,N,44.928535,-93.15831,FALSE,Training
St. Paul,159900,3,2.5,1996,3484,2000,14,2,43,N,44.959732,-93.042038,FALSE,Test
St. Paul,239900,4,2,2294,8276,1915,99,6,43,Y,44.982903,-93.130943,FALSE,Validation
St. Paul,124900,3,1,1238,4791,1925,89,1,20,N,44.983269,-93.024872,FALSE,Training
St. Paul,179000,3,1,1012,3484,1957,57,1,6,N,44.930885,-93.159065,FALSE,Training
St. Paul,149900,3,1,1548,4791,1888,126,2,137,Y,44.959579,-93.159027,FALSE,Training
St. Paul,179900,3,1.75,1647,5227,1925,89,4,89,N,44.98341,-93.166573,FALSE,Training
St. Paul,294900,4,1.5,2034,10454,1932,82,4,106,Y,44.982029,-93.159378,FALSE,Validation
St. Paul,149900,3,1.5,1800,4791,1903,111,2,106,N,44.962662,-93.159721,FALSE,Training
Minneapolis,139900,3,2,1760,14374,1960,54,1,19,Y,45.005249,-93.298431,FALSE,Training
Minneapolis,135000,6,2,1876,5227,2002,12,1,30,Y,44.993893,-93.30481,FALSE,Validation
St. Paul,189000,5,3.25,2234,5662,2005,9,2,99,N,44.969025,-93.040009,FALSE,Validation
St. Paul,179900,3,1.5,1628,4791,2013,1,4,119,Y,44.960258,-93.039954,FALSE,Test
St. Paul,159900,2,1,1149,4791,1947,67,1,137,N,44.945572,-93.160873,FALSE,Training
St. Paul,154900,3,1.75,1876,7405,1941,73,2,72,Y,44.984421,-93.107513,FALSE,Validation
St. Paul,189900,4,1.75,1802,7840,1953,61,2,15,N,44.984417,-93.120239,FALSE,Validation
St. Paul,749000,5,3.5,3327,12196,1910,104,3,65,N,44.940914,-93.161057,FALSE,Training
Minneapolis,749900,3,2.25,2079,7840,1926,88,2,92,N,44.91563,-93.297585,FALSE,Test
St. Paul,189500,2,1,1280,5227,1926,88,1,15,N,44.985172,-93.160156,FALSE,Validation
St. Paul,479900,4,2.25,2696,7405,1916,98,2,100,Y,44.938694,-93.162125,FALSE,Training
St. Paul,174900,3,2,1932,4356,1911,103,1,93,Y,44.957241,-93.162109,FALSE,Validation
St. Paul,88000,2,1,905,4791,1952,62,1,137,Y,44.985416,-93.035103,TRUE,Training
St. Paul,109900,2,1.75,1374,12196,1900,114,2,42,Y,44.971729,-93.038544,TRUE,Validation
St. Paul,104900,3,1.5,1140,19602,1955,59,1,137,Y,44.947453,-93.03846,FALSE,Validation
St. Paul,146000,2,1.75,2195,10454,1953,61,2,98,Y,44.948544,-93.038376,FALSE,Test
St. Paul,99900,2,0.75,994,5227,1911,103,2,20,N,44.950985,-93.162804,FALSE,Training
St. Paul,274900,4,1.75,2647,3920,1886,128,3,137,N,44.975796,-93.16288,FALSE,Validation
St. Paul,85000,2,1.25,1027,5227,1900,114,1,137,N,44.986034,-93.076515,TRUE,Validation
St. Paul,244999,4,2,1900,5227,1922,92,4,5,N,44.985973,-93.155724,FALSE,Training
St. Paul,164900,3,1.75,1557,4791,1921,93,2,34,N,44.918743,-93.140533,FALSE,Validation
St. Paul,375000,4,2.75,2163,4791,1947,67,1,70,Y,44.920898,-93.163429,FALSE,Training
St. Paul,169750,3,1.75,1600,6969,1949,65,1,39,N,44.986446,-93.130363,FALSE,Test
St. Paul,269900,3,1.75,2119,4791,1933,81,4,137,Y,44.986504,-93.164696,FALSE,Training
St. Paul,209900,3,1,1072,4791,1920,94,1,68,Y,44.979412,-93.163765,FALSE,Training
Minneapolis,84900,2,1.75,1122,4356,1916,98,0,8,N,44.994656,-93.307838,FALSE,Training
St. Paul,379900,4,2,2032,5227,1916,98,1,100,Y,44.93491,-93.163971,FALSE,Training
Minneapolis,114900,3,1.5,1438,4791,1941,73,2,137,N,44.994637,-93.306602,FALSE,Test
St. Paul,263525,5,3.25,2598,10890,2004,10,3,119,Y,44.895756,-93.006966,TRUE,Training
St. Paul,84900,2,1.75,1131,3920,1904,110,2,12,N,44.956371,-93.164665,FALSE,Validation
St. Paul,152900,4,1,1300,5227,1909,105,2,77,Y,44.987106,-93.126549,FALSE,Training
Minneapolis,130000,3,1.5,1512,6098,2009,5,2,137,N,44.994865,-93.299049,FALSE,Validation
St. Paul,159000,4,1,1260,5227,1932,82,1,119,N,44.987,-93.127106,FALSE,Test
St. Paul,107900,4,2.5,2117,6098,1959,55,2,13,N,44.957073,-93.036064,FALSE,Training
St. Paul,159900,4,1.75,1778,8276,1958,56,2,57,Y,44.987377,-93.048584,FALSE,Training
St. Paul,244900,3,1.75,1816,4791,1931,83,1,8,N,44.987171,-93.163406,FALSE,Validation
St. Paul,167900,3,1.75,1794,7840,1955,59,1,119,N,44.987526,-93.035851,FALSE,Test
Minneapolis,40000,5,1,1694,5662,1922,92,1,15,Y,,,FALSE,Training
St. Paul,135000,3,1,1334,5662,1964,50,4,65,N,44.987381,-93.086624,FALSE,Training
St. Paul,154900,2,1,1112,6098,1914,100,1,137,Y,44.976654,-93.165451,FALSE,Test
St. Paul,199900,2,1.75,1384,5227,1931,83,1,113,Y,44.987663,-93.153656,FALSE,Validation
St. Paul,146900,3,1.75,2692,6534,1975,39,5,137,Y,44.933338,-93.077408,FALSE,Training
Minneapolis,159900,3,2.25,1651,5662,2013,1,2,106,Y,45.000957,-93.301086,FALSE,Training
St. Paul,224900,3,1.5,1625,5227,1934,80,2,74,N,44.988068,-93.16011,FALSE,Validation
St. Paul,89000,3,1,1103,7840,1890,124,2,43,Y,44.978489,-93.166176,FALSE,Test
St. Paul,119900,1,1.75,851,3049,1918,96,1,21,N,44.979389,-93.166245,FALSE,Training
St. Paul,115000,3,1,888,6098,1955,59,2,14,N,44.988834,-93.048584,FALSE,Validation
St. Paul,169900,4,2.5,1196,8276,1923,91,2,10,N,44.988796,-93.043434,FALSE,Training
St. Paul,174900,3,1,1686,7405,1951,63,2,37,N,44.918892,-93.143372,FALSE,Test
St. Paul,120000,3,1,1140,7448,1974,40,1,64,N,44.956158,-93.033577,FALSE,Training
St. Paul,239741,4,2,1759,4791,2012,2,2,137,N,44.962073,-93.033416,FALSE,Training
St. Paul,165000,3,2,2085,6534,1960,54,3,6,N,44.982689,-93.033516,FALSE,Training
St. Paul,92000,4,2,1690,6969,1953,61,2,4,N,44.988647,-93.033539,TRUE,Test
St. Paul,169900,3,1,1345,6098,1955,59,2,70,N,44.983604,-93.033318,FALSE,Validation
St. Paul,139000,3,1,1272,4791,1966,48,1,5,N,44.96159,-93.033142,FALSE,Training
Minneapolis,227900,4,0.75,1920,5227,1900,114,4,109,Y,45.004318,-93.258514,FALSE,Training
Minneapolis,94900,5,2,1820,5227,1940,74,2,77,Y,45.001781,-93.301086,FALSE,Training
St. Paul,209900,3,1,1401,5227,1927,87,1,68,N,44.98959,-93.155663,FALSE,Test
Minneapolis,210000,4,2,1555,4356,1982,32,5,110,Y,45.004551,-93.267303,FALSE,Training
Minneapolis,178000,3,1.5,1531,6098,1939,75,1,5,N,45.004459,-93.269226,FALSE,Training
Minneapolis,224900,4,1.75,1680,6534,1953,61,5,42,N,45.004688,-93.238823,FALSE,Test
St. Paul,129900,4,1.25,1560,6098,1902,112,0,137,Y,44.951305,-93.064095,FALSE,Training
Minneapolis,149000,3,1.75,1544,5662,1925,89,2,137,Y,45.004772,-93.242645,TRUE,Validation
Minneapolis,464000,3,1.75,1944,6534,1901,113,2,8,N,44.9468,-93.303047,FALSE,Training
St. Paul,149900,3,1,1321,6969,1917,97,2,77,N,44.964664,-93.03186,FALSE,Training
St. Paul,159900,3,2,1424,6098,1947,67,3,84,N,44.990257,-93.075851,FALSE,Validation
St. Paul,97000,3,1,1094,6098,1946,68,1,49,Y,44.985012,-93.031723,FALSE,Training
St. Paul,159777,3,1.75,1526,6534,1955,59,2,57,N,44.990505,-93.048576,FALSE,Training
St. Paul,164900,3,1.5,1581,7405,1963,51,1,2,N,44.953835,-93.031738,FALSE,Training
St. Paul,149990,4,1.75,1714,6098,1950,64,1,26,N,44.96558,-93.031395,FALSE,Test
St. Paul,152500,5,1.5,1547,6098,1952,62,3,64,N,44.959251,-93.031181,FALSE,Training
Minneapolis,44000,3,1,1311,5227,1900,114,0,3,N,44.996456,-93.316833,FALSE,Test
St. Paul,99900,4,1.25,1008,4356,1940,74,1,13,N,44.990807,-93.071503,FALSE,Training
Minneapolis,142800,4,1.75,1650,5227,1954,60,2,20,Y,44.996414,-93.311142,FALSE,Training
St. Paul,99900,2,2.5,1126,5227,1880,134,6,137,Y,44.964684,-93.031075,FALSE,Training
St. Paul,139900,3,1,1220,4791,1941,73,1,85,N,44.984737,-93.106796,FALSE,Training
St. Paul,182500,4,1.75,1778,6969,1908,106,5,85,Y,44.950935,-93.170158,FALSE,Training
St. Paul,169900,3,1,1453,4791,1939,75,2,137,Y,44.958111,-93.170685,FALSE,Validation
St. Paul,324900,3,1.75,2336,8712,1983,31,6,134,Y,44.991489,-93.05072,FALSE,Training
St. Paul,69000,2,1,832,6969,1926,88,1,70,Y,44.977245,-93.029968,FALSE,Training
St. Paul,194900,2,1,1135,5227,1919,95,2,89,N,44.934013,-93.170959,FALSE,Training
St. Paul,189000,4,1.5,1460,10454,1898,116,5,77,Y,44.97057,-93.029678,FALSE,Training
St. Paul,35900,2,1,734,6534,1913,101,0,8,N,44.969002,-93.029694,FALSE,Test
St. Paul,299900,3,2,1400,5227,1924,90,2,9,N,44.924942,-93.171394,FALSE,Training
St. Paul,168797,3,1.75,1306,5227,1920,94,1,5,Y,44.963371,-93.029305,FALSE,Training
St. Paul,175000,3,1.75,1150,10454,1968,46,2,2,N,44.947945,-93.029167,FALSE,Validation
St. Paul,179900,2,1,1344,4791,1937,77,3,103,Y,44.959538,-93.1716,FALSE,Training
St. Paul,289900,3,2,1635,5227,1921,93,1,2,N,44.931297,-93.171738,FALSE,Validation
St. Paul,39900,2,1.75,1808,6098,1907,107,2,137,Y,44.966999,-93.028969,FALSE,Training
St. Paul,329900,3,1.5,1550,6534,1915,99,1,75,Y,44.933624,-93.171913,FALSE,Test
St. Paul,149900,4,1,1369,4791,1915,99,1,1,N,44.959923,-93.171761,FALSE,Training
St. Paul,84900,3,1.75,1133,8276,1915,99,1,57,Y,,,TRUE,Validation
St. Paul,120000,3,1,1694,4791,1900,114,2,57,N,44.974945,-93.10051,FALSE,Training
St. Paul,204900,4,1.5,2524,9147,1963,51,2,9,N,44.956356,-93.035606,FALSE,Training
St. Paul,145000,4,2,1964,7840,1957,57,1,8,N,44.982666,-93.028503,FALSE,Test
St. Paul,269900,4,1.75,1406,5227,1918,96,2,74,Y,44.928577,-93.172623,FALSE,Training
St. Paul,194900,4,1.5,1408,4791,1912,102,0,119,Y,44.946823,-93.172516,FALSE,Training
St. Paul,149900,3,0.75,1224,3920,1886,128,2,103,Y,44.966194,-93.172638,FALSE,Training
Minneapolis,74900,3,1.5,1178,5227,1920,94,4,137,Y,44.996681,-93.306061,FALSE,Training
Minneapolis,139900,2,1,738,2613,1922,92,1,83,N,44.928806,-93.249084,FALSE,Validation
St. Paul,169900,4,2,1385,4356,1900,114,1,50,Y,44.961342,-93.172729,FALSE,Test
St. Paul,1195000,5,3.25,6247,18295,1908,106,3,137,Y,44.942043,-93.172813,FALSE,Training
St. Paul,99900,3,1,1241,5662,1917,97,1,137,Y,,,FALSE,Training
St. Paul,129900,3,1,1408,7405,1941,73,2,30,Y,44.960636,-93.027626,FALSE,Test
Minneapolis,1100000,4,1.5,1334,5662,1900,114,1,138,N,44.949028,-93.304314,FALSE,Training
St. Paul,299900,3,2,1644,4356,1898,116,2,10,N,44.960831,-93.173164,FALSE,Validation
St. Paul,259900,3,1.75,1692,5227,1919,95,2,76,N,44.928185,-93.173241,FALSE,Training
St. Paul,189900,4,2,2230,11761,1964,50,2,15,N,44.947262,-93.027611,FALSE,Training
St. Paul,99000,3,1,949,10018,1908,106,1,11,N,44.964676,-93.027138,FALSE,Training
St. Paul,145000,3,1.25,1580,6534,1908,106,0,6,N,44.901024,-93.173897,FALSE,Training
St. Paul,259900,4,1.75,2758,6534,1879,135,2,119,Y,44.931992,-93.09288,FALSE,Training
St. Paul,169900,3,1.5,1503,9147,1900,114,2,117,Y,44.929302,-93.092972,FALSE,Test
St. Paul,157000,4,1.5,1702,9626,1907,107,2,119,Y,44.948441,-93.026619,FALSE,Training
St. Paul,162990,4,1.75,2102,6098,1917,97,2,15,N,44.960636,-93.026497,FALSE,Training
St. Paul,70000,2,1,1000,7405,1940,74,1,137,Y,44.977821,-93.026115,TRUE,Training
St. Paul,117500,3,1,1176,4791,1957,57,1,57,Y,44.96608,-93.02597,FALSE,Training
St. Paul,165000,3,1.75,1246,4791,1955,59,1,137,N,44.959534,-93.175064,FALSE,Training
St. Paul,104500,2,1,702,6098,1909,105,1,111,Y,44.900501,-93.175255,FALSE,Test
St. Paul,125000,3,1,1240,5227,1948,66,1,77,Y,44.961704,-93.175385,FALSE,Test
St. Paul,98850,2,1,730,4356,1922,92,1,20,N,44.984989,-93.024475,FALSE,Training
St. Paul,199786,3,2,1403,3484,1983,31,2,75,Y,44.905117,-93.175972,FALSE,Training
St. Paul,140000,3,2,1650,7405,1917,97,2,26,N,44.972363,-93.024307,FALSE,Test
Minneapolis,28250,3,1,1597,6534,1914,100,3,137,Y,44.997574,-93.306061,TRUE,Training
St. Paul,72900,3,1,1177,4791,1939,75,2,77,Y,44.965145,-93.0242,FALSE,Validation
St. Paul,409900,3,2.25,2218,10454,1954,60,2,7,N,44.911331,-93.176208,FALSE,Training
St. Paul,750000,4,3.25,3460,4791,2003,11,2,113,N,44.897522,-93.183685,FALSE,Validation
Minneapolis,129500,3,1.75,1533,4791,1917,97,2,72,Y,44.997787,-93.306602,FALSE,Training
Minneapolis,84900,2,1,940,6534,1926,88,1,33,Y,45.035744,-93.303688,TRUE,Test
St. Paul,39353,1,1.5,972,3920,1915,99,3,77,Y,44.970081,-93.023712,TRUE,Test
St. Paul,99900,2,1,1218,7405,1890,124,2,137,Y,44.964069,-93.092842,FALSE,Validation
St. Paul,384900,4,2,2468,6098,1926,88,2,119,Y,44.936756,-93.177429,FALSE,Test
St. Paul,214900,3,1,1529,4791,1925,89,1,114,Y,44.927692,-93.177414,FALSE,Test
St. Paul,499900,4,2.25,2085,9583,1938,76,2,92,N,44.922318,-93.177513,FALSE,Training
St. Paul,129850,3,1,1123,4791,1940,74,0,22,N,44.964638,-93.023117,FALSE,Validation
St. Paul,129850,2,1.5,1527,4356,1914,100,3,49,N,44.970554,-93.022949,FALSE,Training
St. Paul,149900,4,1.5,1192,5662,1952,62,1,4,N,44.988602,-93.022896,FALSE,Training
St. Paul,329900,3,2.75,1859,5227,1922,92,2,5,N,44.935455,-93.17794,FALSE,Test
St. Paul,145000,3,1.75,1628,4791,1961,53,2,57,N,44.978676,-93.022942,TRUE,Training
St. Paul,129500,4,1.75,1422,4791,1930,84,1,137,Y,44.966042,-93.022285,FALSE,Training
St. Paul,62000,2,1,728,4791,1921,93,2,41,Y,44.978676,-93.022255,FALSE,Training
St. Paul,76000,2,1,660,4791,1925,89,1,119,Y,44.977257,-93.022263,FALSE,Training
St. Paul,128000,3,1.75,1645,4791,1938,76,2,137,N,44.978676,-93.022102,TRUE,Test
St. Paul,146900,3,2,2020,5227,1930,84,1,137,Y,44.985382,-93.021698,FALSE,Validation
St. Paul,239900,2,1,1324,5227,2004,10,2,137,N,44.910278,-93.150124,FALSE,Training
St. Paul,109900,2,1,1086,4791,1951,63,1,99,Y,44.963734,-93.021523,FALSE,Training
St. Paul,155900,3,1.5,1255,5227,1908,106,2,6,N,44.919842,-93.077484,FALSE,Validation
St. Paul,199850,2,1,826,5227,1922,92,1,35,N,44.934566,-93.179398,FALSE,Training
St. Paul,1799000,5,4.25,5702,27442,1928,86,3,135,N,44.940956,-93.179634,FALSE,Validation
St. Paul,449900,4,1.75,2514,6098,1927,87,1,77,Y,44.930931,-93.179855,FALSE,Training
St. Paul,165000,3,1.75,1529,4791,1967,47,2,11,N,44.956486,-93.020775,FALSE,Validation
St. Paul,279000,3,1.5,1568,5662,1912,102,2,118,Y,44.898327,-93.180298,FALSE,Training
Minneapolis,150000,3,2,1486,5227,1923,91,1,7,N,45.005375,-93.304611,FALSE,Training
St. Paul,299800,4,1.75,1742,6098,1932,82,1,119,Y,44.89772,-93.181023,FALSE,Validation
St. Paul,179500,3,1.25,1248,5619,1905,109,4,119,N,44.963142,-93.181023,FALSE,Validation
St. Paul,294999,4,2,2176,5227,1895,119,1,135,Y,44.954483,-93.180229,FALSE,Training
St. Paul,309900,5,2.75,2480,7405,1949,65,1,119,Y,44.913208,-93.181435,FALSE,Training
St. Paul,359900,3,1.5,1806,5227,1935,79,2,137,Y,44.92952,-93.181282,FALSE,Validation
St. Paul,112900,2,1,860,4791,1925,89,2,119,Y,44.920166,-93.077171,FALSE,Training
Minneapolis,119900,3,1.5,1308,5227,1924,90,2,8,N,44.999603,-93.31369,FALSE,Training
St. Paul,159900,4,2,1915,5662,1951,63,1,119,Y,44.964302,-93.019272,FALSE,Training
St. Paul,429900,4,2,2460,9147,1954,60,3,13,N,44.915005,-93.182076,FALSE,Training
St. Paul,514000,3,3.25,3542,12196,1890,124,6,18,Y,44.951889,-93.182068,FALSE,Validation
St. Paul,144900,3,1,1536,9147,1954,60,1,10,N,44.977242,-93.01825,FALSE,Training
St. Paul,549900,4,3.5,2852,6098,2013,1,2,137,N,44.915821,-93.18335,FALSE,Training
St. Paul,344900,4,1.75,1532,5227,1924,90,1,77,N,44.932762,-93.184196,FALSE,Training
St. Paul,189900,3,1,1398,6098,1952,62,1,135,Y,44.907337,-93.184616,FALSE,Validation
St. Paul,424000,4,3,3142,9583,1976,38,4,2,N,44.942215,-93.178291,FALSE,Training
St. Paul,137000,3,1.75,1326,5662,1958,56,1,113,N,44.902679,-93.185043,TRUE,Test
St. Paul,129900,3,1,1800,8276,1957,57,2,82,Y,44.984974,-93.015129,TRUE,Training
Minneapolis,99900,4,1.75,1828,5227,1918,96,4,9,Y,45.000118,-93.309113,FALSE,Training
St. Paul,279900,3,1.75,1336,5227,1924,90,2,6,N,44.929535,-93.186226,FALSE,Validation
Minneapolis,149900,3,1.5,1406,5227,1959,55,1,57,Y,45.033623,-93.231071,FALSE,Training
St. Paul,144900,4,2,1400,7405,1954,60,1,137,Y,44.979996,-93.014175,TRUE,Training
St. Paul,179900,3,1,1064,5227,1962,52,1,137,Y,44.93528,-93.146996,FALSE,Training
St. Paul,169900,3,1.5,1943,10454,1953,61,1,72,N,44.959217,-93.013817,FALSE,Test
St. Paul,89900,3,1,624,10454,1921,93,0,136,Y,44.958298,-93.013344,FALSE,Training
St. Paul,179000,4,2.25,1857,6098,1959,55,3,72,Y,44.950401,-93.013329,FALSE,Validation
St. Paul,314900,3,1.75,1725,4791,1922,92,4,57,Y,44.935867,-93.18811,FALSE,Training
St. Paul,135500,3,1.75,1200,4356,1954,60,1,70,Y,44.958298,-93.012817,FALSE,Training
St. Paul,164900,4,2,2009,9147,1964,50,2,65,Y,44.941761,-93.005386,TRUE,Training
St. Paul,650000,4,2.75,3880,9147,1961,53,2,137,Y,44.909416,-93.179977,FALSE,Test
St. Paul,149900,3,1.75,1647,6534,1954,60,2,43,N,44.964619,-93.011681,FALSE,Training
St. Paul,178900,3,1.75,1387,136778,1964,50,2,20,N,44.908077,-93.01046,FALSE,Training
St. Paul,799000,5,3,3927,125452,1952,62,2,137,Y,44.905556,-93.166077,FALSE,Validation
Minneapolis,82500,5,1.5,1320,6534,1901,113,0,23,N,45.000618,-93.28756,FALSE,Test
Minneapolis,69900,3,1,1600,5227,1909,105,2,137,Y,45.001087,-93.311684,FALSE,Training
St. Paul,149900,2,1.5,1296,1306,1870,144,0,16,N,44.935165,-93.113876,FALSE,Training
Minneapolis,100000,4,1.5,1964,5662,1930,84,2,114,N,45.001324,-93.310394,FALSE,Test
Minneapolis,105900,4,1.5,2198,4356,1910,104,1,36,N,45.001331,-93.286758,FALSE,Training
St. Paul,329900,3,1.5,1691,4791,1924,90,1,82,Y,44.930038,-93.19075,FALSE,Training
St. Paul,1195000,6,4.5,6328,16988,1910,104,2,107,N,44.949982,-93.190994,FALSE,Test
St. Paul,556877,4,3.25,2573,4791,1923,91,3,6,N,44.927338,-93.191055,FALSE,Training
St. Paul,79500,3,,1091,5227,1925,89,1,1,N,44.977676,-93.109253,FALSE,Training
Minneapolis,209900,2,1,814,2178,1924,90,1,13,N,44.926636,-93.282555,FALSE,Training
St. Paul,1325000,4,5.75,6783,35283,1953,61,3,137,N,44.90678,-93.170746,FALSE,Training
St. Paul,364500,4,2.25,2432,5662,1936,78,1,44,Y,44.924976,-93.191895,FALSE,Training
St. Paul,199900,5,2.25,2767,7840,1968,46,2,112,Y,44.943439,-93.008591,FALSE,Training
St. Paul,360000,3,1,1211,6534,1916,98,1,137,Y,44.935001,-93.173004,FALSE,Validation
St. Paul,134900,4,1,1709,6534,1960,54,2,8,N,44.965523,-93.008591,FALSE,Training
St. Paul,249900,2,1.25,994,4791,1929,85,1,5,N,44.920944,-93.193451,FALSE,Training
Minneapolis,119500,2,1,1073,6969,1916,98,4,137,Y,45.010162,-93.256371,FALSE,Training
Minneapolis,99900,2,1.75,1220,6534,1900,114,1,40,N,45.010315,-93.260712,FALSE,Training
St. Paul,479000,4,1.75,2358,7405,1935,79,1,137,Y,44.922249,-93.194115,FALSE,Validation
Minneapolis,260000,3,1.5,1488,5227,1909,105,4,12,N,45.010235,-93.234962,FALSE,Validation
St. Paul,649900,5,3.25,3222,6098,1928,86,4,6,N,44.934578,-93.19426,FALSE,Validation
St. Paul,194500,3,1.75,1814,7405,1960,54,4,106,N,44.939663,-93.006386,FALSE,Training
St. Paul,113900,2,1.75,1296,4791,1951,63,2,8,N,44.988358,-93.110039,FALSE,Validation
St. Paul,129000,4,2.25,1790,7405,1967,47,2,72,Y,44.937168,-93.005188,FALSE,Validation
St. Paul,78980,2,1,1415,7405,1939,75,1,69,Y,44.922497,-93.085938,FALSE,Validation
Minneapolis,769000,5,3.25,3715,7405,1912,102,2,111,N,44.959976,-93.298607,FALSE,Training
St. Paul,206000,2,1,1358,11761,1938,76,1,137,Y,44.955853,-93.195251,FALSE,Training
Minneapolis,125000,3,1.5,1468,5227,1909,105,2,137,Y,45.002533,-93.299576,FALSE,Test
Minneapolis,234900,3,2,1277,7405,1996,18,2,137,Y,44.937901,-93.238503,FALSE,Validation
Minneapolis,229900,4,2,1288,5227,1926,88,1,39,N,45.009861,-93.227776,FALSE,Validation
Minneapolis,83900,3,1,1761,6534,1907,107,1,75,Y,45.002991,-93.298637,FALSE,Training
St. Paul,150000,4,2,1686,6969,1900,114,1,137,Y,44.967377,-93.195786,FALSE,Training
Minneapolis,119900,2,1,732,4791,1914,100,1,85,Y,44.939301,-93.238045,FALSE,Training
Minneapolis,69900,4,1.5,3000,3484,1892,122,2,76,N,45.003086,-93.304558,FALSE,Training
St. Paul,279900,3,1.75,1355,5227,1915,99,2,119,Y,44.934448,-93.175499,FALSE,Test
Minneapolis,2895000,6,5.75,7436,14374,1929,85,3,137,N,44.95879,-93.307182,FALSE,Training
Minneapolis,549900,4,1.75,1945,5227,1908,106,2,2,N,44.959061,-93.312729,FALSE,Training
Minneapolis,385000,5,3.25,2568,20908,1901,113,2,103,N,45.012432,-93.265694,FALSE,Validation
Minneapolis,485000,5,1.75,3422,5662,1895,119,2,56,Y,44.958714,-93.290199,FALSE,Training
St. Paul,79000,2,1.25,1164,4791,1886,128,2,4,N,44.925117,-93.075577,FALSE,Training
Minneapolis,105000,4,2,1064,7840,1906,108,2,9,N,45.004261,-93.289085,FALSE,Test
Minneapolis,40000,3,1,1086,4356,1911,103,1,42,Y,45.003975,-93.311378,FALSE,Training
Minneapolis,149900,4,2,1624,4356,1900,114,1,137,N,44.958511,-93.255249,FALSE,Training
Minneapolis,250000,3,1,1560,6534,1908,106,1,2,N,44.95837,-93.223541,FALSE,Validation
Minneapolis,3750000,5,5,6500,39639,1958,56,3,137,N,44.958099,-93.302704,FALSE,Training
Minneapolis,995000,4,2.75,3119,7840,1927,87,2,77,N,44.957294,-93.313454,FALSE,Test
Minneapolis,160000,3,1.5,1878,6098,1994,20,1,2,N,44.956982,-93.257103,FALSE,Training
Minneapolis,119900,2,1,1369,6534,1905,109,2,6,N,45.005322,-93.31369,FALSE,Training
Minneapolis,239900,3,2.5,1694,4791,1907,107,2,14,N,44.956963,-93.283363,FALSE,Training
Minneapolis,1935000,5,3,5008,6534,1929,85,2,137,N,44.957829,-93.312782,FALSE,Validation
Minneapolis,158000,2,1,1498,5227,1912,102,1,64,Y,45.01437,-93.237511,FALSE,Test
Minneapolis,119900,2,1.5,671,5662,1946,68,1,42,Y,45.014572,-93.253975,FALSE,Training
Minneapolis,1995000,3,2.75,5084,9147,1916,98,2,137,Y,44.956615,-93.312813,FALSE,Test
St. Paul,299000,3,1.75,1899,8712,1952,62,3,119,N,44.908173,-93.174927,FALSE,Validation
St. Paul,159990,3,1.5,1075,4356,1911,103,4,19,N,44.924614,-93.074959,FALSE,Training
Minneapolis,217500,3,1.75,1675,5227,1922,92,1,76,Y,45.015247,-93.23497,FALSE,Test
Minneapolis,164900,2,1,1021,5227,1908,106,1,119,Y,44.954918,-93.220749,FALSE,Training
Minneapolis,139900,3,1,1345,5662,1908,106,2,15,Y,44.954685,-93.254601,FALSE,Validation
Minneapolis,1995000,4,5,5866,7840,1908,106,4,137,N,44.956608,-93.3032,FALSE,Training
Minneapolis,214900,3,1.5,1344,6969,1925,89,2,34,Y,45.016132,-93.242653,FALSE,Training
St. Paul,189900,3,1.75,1747,6969,1906,108,2,5,N,44.928936,-93.073929,FALSE,Training
Minneapolis,159900,2,1,1082,5227,1946,68,1,137,Y,45.016472,-93.229813,FALSE,Validation
Minneapolis,935000,4,3,2630,4356,2013,1,2,119,N,44.924568,-93.31279,FALSE,Training
St. Paul,159500,3,1.75,1248,4791,1926,88,2,72,Y,44.921539,-93.074249,FALSE,Training
Minneapolis,169900,3,1,1580,4791,1955,59,2,57,N,45.017147,-93.270401,FALSE,Training
Minneapolis,848900,5,3.5,3602,6534,2013,1,2,137,N,44.953175,-93.32639,FALSE,Training
Minneapolis,229900,3,1.5,1410,5749,1946,68,1,7,N,44.894096,-93.314636,FALSE,Training
Minneapolis,135000,4,2,2992,4356,2004,10,2,34,N,45.00806,-93.298276,FALSE,Test
Minneapolis,139900,4,2.75,1721,4791,1903,111,1,98,Y,44.952663,-93.249527,TRUE,Training
Minneapolis,475000,4,1.75,1925,5227,1924,90,1,6,N,44.952461,-93.213135,FALSE,Validation
Minneapolis,159900,3,1,1086,5662,1900,114,1,5,N,44.951519,-93.226059,TRUE,Training
Minneapolis,63000,2,1,1374,5052,1925,89,2,96,Y,45.015198,-93.316231,FALSE,Training
Minneapolis,239900,4,1.75,2216,5227,1923,91,2,26,N,45.018993,-93.2342,FALSE,Training
Minneapolis,794000,4,3,3091,5227,1900,114,2,33,N,44.930225,-93.315216,FALSE,Training
Minneapolis,134900,2,1,1082,4791,1903,111,2,18,N,44.951515,-93.255913,FALSE,Test
Minneapolis,19900,2,1,900,5227,1911,103,1,110,N,45.009125,-93.306595,FALSE,Training
Minneapolis,130000,2,1.5,2728,3484,1900,114,1,137,N,44.951389,-93.254654,FALSE,Training
Minneapolis,205000,3,0.75,1421,5227,1906,108,1,137,N,44.951328,-93.218201,FALSE,Test
Minneapolis,759900,5,3.5,3564,5227,2013,1,2,41,Y,44.90456,-93.315552,FALSE,Training
Minneapolis,100000,3,1,1444,5227,1958,56,1,1,N,45.009163,-93.298996,FALSE,Training
St. Paul,69900,2,1,1337,4791,1890,124,0,70,Y,44.956448,-93.111977,FALSE,Training
Minneapolis,168700,2,1,984,4791,1925,89,2,43,Y,44.951237,-93.222023,FALSE,Test
Minneapolis,875000,5,3,4500,17859,1918,96,5,77,Y,44.951519,-93.210213,FALSE,Validation
Minneapolis,145000,3,1,1575,5227,1948,66,4,40,N,44.997311,-93.317169,FALSE,Training
Minneapolis,174900,2,1,814,5227,1925,89,1,137,Y,44.950649,-93.214378,FALSE,Test
St. Paul,379900,3,2.75,2246,4791,2003,11,2,64,N,44.932919,-93.166077,FALSE,Training
St. Paul,439900,3,1.5,2118,13068,1957,57,3,137,Y,44.932194,-93.142609,FALSE,Training
St. Paul,51500,3,1,1419,6098,1869,145,2,51,Y,44.939312,-93.112396,FALSE,Test
Minneapolis,199990,3,1.75,1266,5662,1925,89,2,1,N,44.949921,-93.226677,FALSE,Test
Minneapolis,99900,3,1,1490,4791,1926,88,1,100,Y,45.00988,-93.31295,FALSE,Validation
Minneapolis,104900,2,1,1005,3920,1912,102,1,2,N,45.020714,-93.239929,FALSE,Training
Minneapolis,545000,3,1.5,2003,6534,1926,88,2,104,Y,44.949421,-93.325867,FALSE,Test
Minneapolis,289000,2,1,1358,2178,1914,100,1,7,N,44.915913,-93.316833,FALSE,Training
Minneapolis,58800,4,1,2460,4791,1923,91,2,64,Y,45.00996,-93.302254,FALSE,Training
Minneapolis,525000,3,2.25,2920,12196,1932,82,2,137,Y,44.949806,-93.327118,FALSE,Training
Minneapolis,165000,5,2.5,2200,6534,1900,114,2,7,N,45.010025,-93.284454,FALSE,Training
Minneapolis,57500,3,1,1271,4791,1914,100,2,15,N,45.01009,-93.309135,FALSE,Test
Minneapolis,63000,4,1,1522,4791,1908,106,2,20,N,45.010216,-93.290161,FALSE,Test
Minneapolis,284900,3,1.5,1560,5227,1910,104,2,13,Y,44.949318,-93.219467,FALSE,Training
St. Paul,139990,2,1.75,1050,4791,1924,90,2,137,Y,44.923874,-93.098083,FALSE,Validation
Minneapolis,215000,4,2,1561,5227,1941,73,1,72,Y,45.02137,-93.231079,FALSE,Training
Minneapolis,134900,5,2.5,1819,7405,1889,125,2,44,N,45.010544,-93.295929,FALSE,Validation
Minneapolis,99900,3,1,1148,4791,1927,87,1,13,N,45.010723,-93.301537,FALSE,Training
Minneapolis,159900,2,1,944,5227,1932,82,1,70,Y,45.022026,-93.231079,FALSE,Training
Minneapolis,125000,4,3,2174,7840,1891,123,2,137,N,45.011108,-93.292686,TRUE,Validation
St. Paul,149900,5,1.75,1791,3920,1888,126,1,11,N,44.960278,-93.112579,FALSE,Training
Minneapolis,104900,3,2,1388,5227,1921,93,1,33,Y,45.022533,-93.269981,FALSE,Training
Minneapolis,484900,4,2,1961,6098,1900,114,2,105,Y,44.947693,-93.303032,FALSE,Validation
St. Paul,159900,3,1.75,1492,5227,1981,33,2,92,N,44.923698,-93.072784,FALSE,Validation
Minneapolis,229900,5,3.25,3676,4791,1900,114,2,5,N,44.947643,-93.264793,FALSE,Test
Minneapolis,109900,2,1.25,1066,5662,1913,101,3,119,Y,44.947525,-93.223946,FALSE,Test
Minneapolis,68000,2,1,996,5227,1914,100,1,137,N,45.012253,-93.30661,TRUE,Test
Minneapolis,89900,2,1.5,1610,5227,1900,114,1,18,N,45.012249,-93.306061,FALSE,Training
St. Paul,94900,3,1,1056,5227,1951,63,0,57,Y,44.950584,-93.035042,FALSE,Training
Minneapolis,124900,2,1,1000,4356,1927,87,1,19,N,45.023315,-93.246414,FALSE,Training
Minneapolis,335000,4,2,2257,5662,1927,87,2,8,N,45.023701,-93.238029,FALSE,Test
Minneapolis,259900,3,2.5,1836,9583,1941,73,4,6,N,45.023869,-93.231621,FALSE,Validation
Minneapolis,160000,2,1,992,6534,1922,92,1,13,N,44.946503,-93.209663,TRUE,Test
Minneapolis,224900,4,1.5,1260,6534,1916,98,2,65,Y,44.946362,-93.212341,FALSE,Training
Minneapolis,164500,2,1,860,5227,1909,105,1,8,N,44.946323,-93.216919,FALSE,Training
Minneapolis,124900,2,1,1040,4791,1900,114,1,137,N,44.946156,-93.263039,FALSE,Training
Minneapolis,199000,5,2,2144,4791,1980,34,2,27,N,45.024487,-93.246925,FALSE,Training
Minneapolis,235900,3,1,1344,6534,1925,89,2,27,N,44.946232,-93.209663,FALSE,Training
Minneapolis,39959,4,1.5,2480,5227,1909,105,2,41,Y,45.012665,-93.298477,FALSE,Validation
Minneapolis,25450,3,1.75,1762,3484,1900,114,1,113,Y,45.005005,-93.284035,FALSE,Training
Minneapolis,199900,3,1,1221,5227,1925,89,2,5,N,44.912312,-93.2257,FALSE,Validation
Minneapolis,219900,3,1.75,1272,4791,1948,66,2,63,Y,45.025356,-93.227257,FALSE,Validation
Minneapolis,195000,3,1,1512,5227,1950,64,2,82,N,45.025303,-93.23674,FALSE,Training
Minneapolis,169900,3,1,1198,3484,1900,114,2,57,N,44.945126,-93.253418,FALSE,Validation
Minneapolis,210000,3,1.5,1465,5662,1913,101,2,57,N,44.945045,-93.240211,FALSE,Validation
Minneapolis,219900,2,1,1003,3484,1939,75,1,7,N,44.945229,-93.208435,FALSE,Training
St. Paul,184900,3,1,1020,10890,2004,10,2,7,N,44.950218,-93.041665,FALSE,Test
Minneapolis,389900,5,3.25,2170,5227,1908,106,1,137,Y,44.94445,-93.28907,FALSE,Training
Minneapolis,72000,4,1,1812,5662,1908,106,2,43,N,45.013695,-93.296478,FALSE,Test
Minneapolis,164900,3,1,1116,5227,1951,63,1,57,Y,45.02631,-93.236732,FALSE,Training
Minneapolis,69900,3,1,1198,4791,1922,92,2,136,N,45.013798,-93.293411,FALSE,Training
Minneapolis,895000,4,2.75,2562,11761,1907,107,2,137,N,44.943996,-93.303368,FALSE,Validation
Minneapolis,174900,2,1,1307,4791,1950,64,2,43,Y,,,FALSE,Training
Minneapolis,89900,3,1,1134,5227,1953,61,1,77,N,45.014034,-93.303551,FALSE,Test
Minneapolis,214900,3,2,1344,4356,1916,98,1,77,Y,44.944164,-93.207932,FALSE,Validation
Minneapolis,88372,2,1,730,4791,1918,96,1,39,N,45.014137,-93.312408,FALSE,Training
Minneapolis,35000,1,1,768,4791,1913,101,2,85,N,45.014343,-93.306076,FALSE,Test
Minneapolis,65000,2,1,986,5227,1926,88,1,43,Y,45.014397,-93.314247,FALSE,Validation
Minneapolis,149900,3,1,1843,6969,1918,96,3,98,Y,44.943542,-93.228867,TRUE,Training
Minneapolis,169900,2,1,824,4791,1925,89,2,40,Y,44.943726,-93.214928,FALSE,Training
Minneapolis,84900,3,1.5,1756,5227,1930,84,1,83,Y,45.01458,-93.312408,FALSE,Validation
Minneapolis,48500,1,1,833,5662,1920,94,2,104,Y,45.014652,-93.291428,FALSE,Validation
Minneapolis,175000,3,1,997,5227,1922,92,2,75,Y,45.027542,-93.234184,FALSE,Training
Minneapolis,150900,3,2.5,1456,5662,1979,35,2,64,Y,44.94302,-93.269867,TRUE,Training
Minneapolis,64900,3,1,1350,6098,1928,86,1,137,Y,45.015152,-93.302277,TRUE,Validation
Minneapolis,139900,3,1,1460,4356,1924,90,1,137,Y,44.942924,-93.224007,TRUE,Validation
Minneapolis,174900,4,2.75,1760,4791,1941,73,1,29,N,44.908764,-93.223701,FALSE,Training
Minneapolis,104900,3,2,1252,6534,1922,92,4,33,N,45.015465,-93.292152,FALSE,Validation
St. Paul,119900,5,2,1355,6534,1887,127,1,77,N,44.933987,-93.113647,FALSE,Training
Minneapolis,179900,2,1.5,1140,7840,1952,62,2,36,N,45.028439,-93.232262,FALSE,Training
Minneapolis,89900,2,1,1094,5227,1923,91,1,8,N,45.015713,-93.299019,FALSE,Training
Minneapolis,149900,3,2,2006,5227,1912,102,2,97,N,45.015743,-93.304092,FALSE,Test
Minneapolis,96900,4,1.75,1679,5227,1947,67,3,92,Y,45.015839,-93.311691,FALSE,Training
Minneapolis,89900,2,1,1187,5227,1895,119,1,1,N,45.015793,-93.289635,FALSE,Training
Minneapolis,339000,3,1,1680,5227,1900,114,2,137,Y,44.942142,-93.301247,FALSE,Validation
Minneapolis,125000,2,1,1372,5227,1924,90,2,137,Y,45.015953,-93.314247,FALSE,Test
Minneapolis,109900,3,2,1632,5662,1930,84,2,52,Y,45.01606,-93.299019,FALSE,Validation
Minneapolis,75000,3,1,1132,7405,1913,101,2,13,N,45.01614,-93.286057,FALSE,Validation
Minneapolis,749000,5,3.25,2879,4791,1910,104,2,4,N,44.941494,-93.299973,FALSE,Training
Minneapolis,99900,3,1.25,1442,5662,1917,97,1,20,N,45.01643,-93.290901,FALSE,Validation
Minneapolis,122000,3,1,1346,5662,1933,81,5,137,Y,45.016613,-93.297745,TRUE,Test
Minneapolis,224900,4,2,1915,10454,1946,68,3,57,N,45.029263,-93.239311,FALSE,Training
Minneapolis,158900,3,1.75,2300,5227,1965,49,2,96,Y,45.029285,-93.245148,FALSE,Test
St. Paul,389900,4,2.25,2018,6098,1995,19,2,18,N,44.931324,-93.164841,FALSE,Training
St. Paul,2990000,4,4,6293,34848,1925,89,7,137,Y,44.935539,-93.126999,FALSE,Training
Minneapolis,99900,3,1,1134,5662,1902,112,2,137,Y,44.941032,-93.231148,FALSE,Training
Minneapolis,399900,3,3,2888,3920,1906,108,1,71,Y,44.959381,-93.222046,FALSE,Training
Minneapolis,299900,3,1.5,1402,5227,1904,110,3,113,N,44.940964,-93.287231,FALSE,Test
Minneapolis,76900,2,1,1125,6098,1900,114,1,29,N,44.94091,-93.246986,FALSE,Training
Minneapolis,79900,4,1,1280,4791,1909,105,2,3,N,45.017178,-93.302811,FALSE,Training
Minneapolis,234900,3,1.75,1841,6534,1961,53,1,119,Y,45.029888,-93.230478,FALSE,Training
Minneapolis,57900,2,1,550,5662,1925,89,1,119,Y,45.017239,-93.309891,FALSE,Validation
Minneapolis,205000,3,2.25,1651,5662,2013,1,2,137,Y,44.940784,-93.264191,FALSE,Training
Minneapolis,80000,3,1,1240,4791,1926,88,2,137,Y,45.017391,-93.302818,FALSE,Training
Minneapolis,84900,3,1,1234,5227,1925,89,1,110,N,45.017368,-93.299736,FALSE,Validation
Minneapolis,79900,3,1.75,1325,4791,1921,93,2,63,Y,45.017628,-93.306084,FALSE,Training
Minneapolis,124900,3,1.75,1254,5227,1893,121,1,119,Y,45.0177,-93.30027,FALSE,Training
Minneapolis,135000,2,0.75,750,4791,1912,102,1,137,Y,44.940208,-93.215668,FALSE,Training
Minneapolis,184900,4,2,1594,4791,1906,108,0,51,N,44.940292,-93.260941,FALSE,Training
Minneapolis,94900,4,1.75,1326,5227,1924,90,1,48,N,45.017899,-93.313705,FALSE,Training
Minneapolis,239900,3,1.75,1736,8276,1950,64,2,50,N,45.030777,-93.227814,FALSE,Training
Minneapolis,175000,3,2.25,1828,5662,1910,104,2,63,N,44.939941,-93.249504,FALSE,Test
Minneapolis,64900,5,1,1320,5662,1912,102,2,96,Y,45.017998,-93.293961,FALSE,Training
Minneapolis,119900,2,1,786,4791,1940,74,2,16,N,45.018089,-93.311165,FALSE,Validation
Minneapolis,128900,3,1.75,1200,5227,1926,88,3,68,N,45.018135,-93.300262,FALSE,Training
Minneapolis,159786,3,1.75,1480,5227,1912,102,1,15,N,44.9398,-93.273132,FALSE,Validation
Minneapolis,239900,2,1,1037,6969,1909,105,2,68,N,44.939865,-93.281868,FALSE,Training
Minneapolis,149000,2,1,752,6098,1915,99,2,89,N,44.9398,-93.225296,FALSE,Training
Minneapolis,145000,4,1.75,1921,4791,1909,105,1,86,N,45.018284,-93.307899,FALSE,Training
Minneapolis,79900,3,1.75,1793,5227,1939,75,1,13,N,45.018524,-93.311722,FALSE,Test
Minneapolis,239900,4,1,1900,9583,1952,62,2,18,N,45.031948,-93.231999,FALSE,Training
St. Paul,74900,2,1.25,1123,4791,1889,125,2,137,Y,44.929062,-93.083443,FALSE,Training
St. Paul,349900,3,2,1578,4791,1915,99,3,19,N,44.930984,-93.165375,FALSE,Validation
Minneapolis,77900,3,1.75,1298,5227,1914,100,2,82,Y,45.018749,-93.302811,FALSE,Training
Minneapolis,154900,3,1,1378,6534,1903,111,1,75,Y,44.939388,-93.245712,FALSE,Validation
Minneapolis,92500,4,1.75,1924,4791,1923,91,3,119,Y,45.018646,-93.288391,FALSE,Training
Minneapolis,1250000,4,3,4570,10890,1929,85,2,137,Y,44.939522,-93.321236,FALSE,Training
Minneapolis,79900,4,1.5,1292,4356,1922,92,1,26,N,45.018829,-93.297211,FALSE,Test
Minneapolis,224900,3,2,2110,5662,1900,114,2,44,N,44.939159,-93.276253,FALSE,Training
Minneapolis,162900,2,1,868,5227,1916,98,1,98,Y,44.939323,-93.211105,FALSE,Test
Minneapolis,225000,3,2,1344,7840,1903,111,4,137,Y,44.939156,-93.214928,FALSE,Training
Minneapolis,54900,3,1.5,1207,5662,1917,97,2,40,N,45.018921,-93.28965,FALSE,Training
Minneapolis,195000,3,1,1345,4791,1929,85,1,13,N,44.939049,-93.217491,FALSE,Training
Minneapolis,69900,3,1,1128,5227,1914,100,1,2,N,45.019058,-93.299728,FALSE,Training
Minneapolis,109900,3,1,1072,5227,1926,88,0,82,Y,45.019337,-93.309189,FALSE,Training
Minneapolis,1895000,4,3.75,6330,17424,2011,3,3,137,N,44.957077,-93.328606,FALSE,Training
Minneapolis,150000,2,1.75,1961,5662,1937,77,2,33,N,45.01936,-93.318047,TRUE,Training
Minneapolis,171900,2,1,1004,6098,1951,63,3,77,Y,45.031955,-93.230482,TRUE,Training
Minneapolis,194900,3,1,1836,5227,1913,101,2,4,N,44.93874,-93.234291,FALSE,Training
Minneapolis,84900,3,1,1604,4791,1915,99,1,137,Y,45.01939,-93.300995,FALSE,Training
St. Paul,113900,4,2,1660,4791,1884,130,2,4,N,44.973076,-93.085403,FALSE,Test
Minneapolis,274900,2,1.75,930,4791,1948,66,1,57,N,44.951183,-93.324776,FALSE,Validation
Minneapolis,65000,2,1,1200,5662,1916,98,1,65,Y,45.019672,-93.290916,FALSE,Training
Minneapolis,223900,4,2,1904,6098,1910,104,2,6,N,44.938416,-93.227539,FALSE,Training
Minneapolis,302000,3,1.75,1804,5227,1916,98,1,102,Y,44.938213,-93.285248,FALSE,Training
Minneapolis,224900,4,1.75,1852,6098,1956,58,2,77,N,45.03281,-93.241837,FALSE,Training
Minneapolis,179900,3,1.75,1914,6098,1925,89,2,75,Y,45.020073,-93.316246,FALSE,Training
Minneapolis,69900,2,1.5,1264,5227,1926,88,1,137,Y,45.019947,-93.302811,FALSE,Test
Minneapolis,419000,3,2,1495,5662,1954,60,2,20,Y,44.937969,-93.299271,FALSE,Test
Minneapolis,215900,4,1.75,2384,6534,1985,29,2,40,N,45.032902,-93.229851,FALSE,Training
Minneapolis,90000,3,1,1847,5227,1941,73,2,82,Y,45.020077,-93.305367,TRUE,Validation
Minneapolis,32500,2,2,858,6534,1913,101,2,77,Y,45.019955,-93.285408,FALSE,Training
Minneapolis,205000,4,1.75,1796,23958,1956,58,1,43,Y,45.033161,-93.2575,FALSE,Validation
Minneapolis,109000,1,1,1122,5227,1920,94,2,41,N,44.938129,-93.211113,FALSE,Training
Minneapolis,87900,2,1,1150,7840,1900,114,1,12,N,44.937962,-93.269806,FALSE,Test
Minneapolis,129900,3,2,1540,8276,1924,90,2,12,N,45.020283,-93.309898,FALSE,Training
Minneapolis,164900,3,1.75,1430,5227,1926,88,2,89,Y,45.032928,-93.240562,FALSE,Training
Minneapolis,134900,3,1.75,1662,4356,1976,38,2,12,N,45.020332,-93.313705,FALSE,Validation
Minneapolis,143900,2,1,1152,6534,1950,64,1,86,Y,45.033108,-93.243843,FALSE,Training
St. Paul,449000,3,3.5,2588,5662,1999,15,4,137,N,44.941654,-93.115059,FALSE,Training
St. Paul,279900,4,1.5,2568,3049,1907,107,0,106,Y,44.952145,-93.187653,FALSE,Training
Minneapolis,199900,3,1,1092,3484,1917,97,0,92,Y,44.937473,-93.286636,FALSE,Training
Minneapolis,229000,4,1.75,1435,5227,1909,105,2,119,N,44.912755,-93.219996,FALSE,Training
Minneapolis,189900,3,1.75,1806,4791,1957,57,1,15,N,44.937416,-93.248268,FALSE,Validation
Minneapolis,184900,2,1,850,5227,1925,89,2,48,N,44.937428,-93.220047,FALSE,Validation
Minneapolis,234900,4,1.75,1612,6098,1966,48,2,39,N,45.033901,-93.228569,TRUE,Test
Minneapolis,129900,2,1,1004,6534,1981,33,2,117,Y,45.034046,-93.227318,FALSE,Training
Minneapolis,79900,3,1,1279,4791,1916,98,1,137,Y,45.020844,-93.297195,FALSE,Test
Minneapolis,129900,3,2.25,2302,5227,1906,108,4,137,Y,44.937149,-93.262909,TRUE,Training
St. Paul,34900,2,1,907,3571,1909,105,0,72,Y,44.97076,-93.085213,FALSE,Training
Minneapolis,269900,3,1,1469,5662,1929,85,1,7,N,44.937168,-93.210571,FALSE,Training
Minneapolis,229900,4,3,2312,4356,1914,100,1,77,N,44.93697,-93.267166,FALSE,Test
St. Paul,75000,2,1,640,4791,1956,58,1,27,N,44.924202,-93.070099,FALSE,Test
Minneapolis,134900,3,1,1295,5227,1928,86,1,15,N,45.021439,-93.311188,FALSE,Training
Minneapolis,139900,3,1,1380,5662,1945,69,1,30,N,45.021553,-93.315544,FALSE,Test
Minneapolis,149900,3,1,1292,5227,1942,72,2,97,Y,45.034411,-93.264902,FALSE,Training
Minneapolis,130000,3,1,1330,5227,1939,75,2,22,N,45.021553,-93.309914,FALSE,Training
Minneapolis,112500,3,1,1525,5227,1885,129,2,19,Y,45.021675,-93.312996,FALSE,Training
Minneapolis,89900,3,1,1036,4791,1908,106,2,105,N,45.021603,-93.296486,FALSE,Training
Minneapolis,169900,4,1.5,1470,5227,1958,56,1,119,N,45.034935,-93.267296,FALSE,Validation
Minneapolis,159900,2,1.75,1095,5662,1920,94,2,22,Y,44.936272,-93.220039,TRUE,Training
Minneapolis,78000,3,1.5,1580,6098,1915,99,1,137,Y,45.021851,-93.306099,FALSE,Training
St. Paul,50000,3,2,1080,4791,1898,116,2,119,N,44.923306,-93.070122,FALSE,Training
St. Paul,59900,4,1.5,1922,3484,1900,114,0,34,Y,44.957249,-93.070892,FALSE,Training
Minneapolis,189900,4,1.5,1344,8276,1905,109,2,19,N,44.935703,-93.225563,FALSE,Training
Minneapolis,135900,3,1.5,1420,8712,1910,104,2,9,N,44.935768,-93.265465,FALSE,Validation
Minneapolis,596370,4,3.25,2681,3920,2012,2,2,137,N,44.917683,-93.218826,FALSE,Training
St. Paul,150000,4,1,1842,4791,1910,104,2,119,N,44.973083,-93.084801,FALSE,Training
Minneapolis,949900,4,3.5,3625,6098,1979,35,2,96,N,44.934601,-93.316811,FALSE,Validation
Minneapolis,58000,3,1,1119,4791,1923,91,2,70,Y,45.022694,-93.303574,FALSE,Training
St. Paul,119900,3,1.5,1504,3484,1884,130,0,112,N,44.972641,-93.08474,FALSE,Test
Minneapolis,99900,1,1,764,6098,1916,98,1,71,Y,44.935104,-93.257057,FALSE,Training
Minneapolis,824110,4,3,3298,7840,2014,0,2,15,N,44.932201,-93.327393,FALSE,Training
Minneapolis,94900,3,1,1080,7840,1950,64,1,44,N,45.023079,-93.286095,FALSE,Training
Minneapolis,154900,4,1.75,2190,5227,1931,83,2,70,Y,45.023071,-93.312492,FALSE,Training
Minneapolis,78000,2,1,966,5227,1920,94,1,86,N,45.023071,-93.313766,FALSE,Validation
Minneapolis,189995,2,1,1256,4791,1918,96,2,65,N,44.934826,-93.259064,FALSE,Training
Minneapolis,479000,4,1.75,2277,4791,1940,74,2,100,Y,44.934689,-93.206757,FALSE,Validation
Minneapolis,1789411,3,2.75,2855,3920,2013,1,2,6,N,44.934776,-93.31562,FALSE,Validation
Minneapolis,69000,2,1,1060,5227,1925,89,2,134,N,45.023945,-93.314339,TRUE,Training
Minneapolis,1695000,4,4,5581,15245,1929,85,3,33,N,44.934788,-93.314468,FALSE,Training
Minneapolis,182900,2,1.75,2258,5662,1925,89,1,8,N,44.934128,-93.211838,FALSE,Training
Minneapolis,164500,2,1,899,5227,1900,114,2,5,N,44.933861,-93.217514,FALSE,Validation
St. Paul,189900,4,3,1768,3920,1909,105,2,90,N,44.972153,-93.084404,FALSE,Validation
Minneapolis,189900,3,1,1682,5227,1929,85,2,95,Y,45.024467,-93.314346,TRUE,Training
Minneapolis,140000,2,1.5,1366,5227,1921,93,2,77,N,44.93364,-93.238808,FALSE,Test
Minneapolis,95000,2,1,1396,5662,1907,107,2,76,Y,44.933567,-93.225761,FALSE,Training
Minneapolis,108000,2,1,1289,4791,1915,99,2,16,N,44.93362,-93.231735,FALSE,Training
Minneapolis,229900,3,1.75,2095,6098,1914,100,1,2,N,44.933697,-93.264091,FALSE,Training
Minneapolis,159777,3,1,1144,5227,1918,96,1,137,Y,44.933632,-93.234299,FALSE,Test
Minneapolis,48900,3,1.75,1618,4791,1952,62,2,8,N,45.024677,-93.295967,FALSE,Validation
Minneapolis,841100,4,3.25,2894,5662,2014,0,2,12,N,44.93362,-93.318602,FALSE,Training
Minneapolis,665000,4,1.75,2628,10454,1954,60,2,67,N,44.933239,-93.31971,FALSE,Test
Minneapolis,44900,2,1.75,1728,4791,1924,90,2,71,Y,45.024742,-93.288963,FALSE,Training
Minneapolis,93408,2,0.75,672,5227,1922,92,1,72,Y,45.02494,-93.314354,FALSE,Training
Minneapolis,114900,1,1,632,5227,1917,97,1,63,N,44.93314,-93.240082,FALSE,Training
Minneapolis,89900,3,1.5,1812,5227,1916,98,2,57,N,45.024994,-93.294724,FALSE,Test
Minneapolis,137900,2,1.75,1776,4791,1905,109,1,13,N,44.932972,-93.266624,FALSE,Training
Minneapolis,379900,3,1.75,2100,5227,1910,104,2,57,Y,44.932838,-93.286018,FALSE,Validation
Minneapolis,114900,2,1,960,5662,1911,103,2,26,N,44.932705,-93.249481,FALSE,Test
Minneapolis,79900,3,1,1404,4791,1919,95,1,82,Y,45.025185,-93.288963,FALSE,Training
Minneapolis,99900,2,1,1000,5227,1910,104,2,137,N,45.025314,-93.293999,FALSE,Training
Minneapolis,950000,4,4,4141,7840,1955,59,2,49,N,44.932465,-93.319191,FALSE,Validation
Minneapolis,169900,2,1,1065,4791,1925,89,2,77,N,44.932652,-93.236801,FALSE,Validation
Minneapolis,329900,4,1,1654,5227,1910,104,2,2,N,44.932636,-93.285286,FALSE,Training
Minneapolis,249900,3,2,1909,4791,1925,89,1,44,N,44.932537,-93.243172,FALSE,Training
Minneapolis,249900,4,1.75,2456,5227,1911,103,3,57,Y,44.932529,-93.285286,FALSE,Training
Minneapolis,76000,3,1,1200,5227,1939,75,1,114,Y,45.025631,-93.310555,TRUE,Training
Minneapolis,1295000,4,4.75,4056,8712,1927,87,3,82,N,44.932133,-93.319199,FALSE,Training
Minneapolis,169900,3,2,1930,4791,1914,100,2,20,N,44.932064,-93.246941,FALSE,Validation
Minneapolis,106900,2,1,1237,4791,1919,95,0,41,Y,44.932102,-93.265938,FALSE,Validation
Minneapolis,89900,3,1,1010,5662,1917,97,2,134,Y,45.026051,-93.296547,FALSE,Validation
Minneapolis,193000,3,1,1407,5227,1977,37,4,137,Y,44.932102,-93.214943,FALSE,Validation
Minneapolis,849900,4,3.25,3689,5227,2014,0,2,13,N,44.932026,-93.327556,FALSE,Training
Minneapolis,1250000,5,4,4846,7840,2013,1,2,12,N,44.931889,-93.326111,FALSE,Training
Minneapolis,89900,3,1.5,784,6098,1914,100,1,44,Y,44.931702,-93.224396,FALSE,Training
Minneapolis,849900,4,3.25,3689,5227,2014,0,2,13,N,44.93187,-93.327393,FALSE,Training
Minneapolis,139900,2,1.25,1272,4791,1913,101,2,18,N,44.931515,-93.243164,FALSE,Validation
Minneapolis,80000,3,1,1295,4791,1917,97,2,77,N,45.026588,-93.294029,FALSE,Training
Minneapolis,1050000,5,3.25,3612,5227,2014,0,2,86,N,44.931473,-93.326843,FALSE,Validation
Minneapolis,89900,2,1,1233,5227,1924,90,1,75,N,45.02681,-93.310028,FALSE,Training
Minneapolis,999000,5,3.25,3517,4791,2013,1,2,13,N,44.931313,-93.326851,FALSE,Training
Minneapolis,899900,5,3.25,3467,4791,2013,1,2,137,N,44.931695,-93.326672,FALSE,Training
Minneapolis,99900,3,0.75,1008,5227,1924,90,1,137,Y,45.027035,-93.315132,TRUE,Training
Minneapolis,120000,3,1,1450,4791,1922,92,1,137,Y,45.027138,-93.295311,FALSE,Test
Minneapolis,169900,2,1,932,4791,1915,99,1,103,N,44.931061,-93.208015,FALSE,Training
Minneapolis,135000,2,1.75,1320,5227,1923,91,1,48,Y,45.027363,-93.312592,FALSE,Training
Minneapolis,224900,2,1,1250,4356,1915,99,3,19,N,44.930668,-93.238106,FALSE,Validation
St. Paul,195000,3,1.75,1996,7840,1967,47,2,8,N,44.944675,-93.023735,FALSE,Test
Minneapolis,115000,4,1.5,1769,6969,1994,20,1,137,N,45.02774,-93.29026,FALSE,Test
Minneapolis,129900,2,1,690,5227,1915,99,1,41,N,44.930248,-93.227943,FALSE,Training
Minneapolis,185000,3,1.75,1868,5227,1912,102,1,103,Y,44.930202,-93.247719,TRUE,Training
Minneapolis,1199900,5,3.5,4434,6534,2014,0,3,12,N,44.930218,-93.324837,FALSE,Validation
Minneapolis,199900,3,1,1168,5227,1920,94,2,1,N,44.929806,-93.233765,FALSE,Validation
Minneapolis,875000,5,3.5,3303,5662,2005,9,3,63,N,44.929779,-93.29171,FALSE,Test
Minneapolis,119900,4,2,1400,5662,2007,7,2,50,Y,45.02811,-93.298061,FALSE,Training
Minneapolis,179900,3,1.5,1258,5227,1902,112,1,111,Y,44.929783,-93.219498,FALSE,Training
Minneapolis,167500,3,1.75,1072,4791,1926,88,2,57,Y,44.929596,-93.236809,FALSE,Validation
Minneapolis,139900,2,1,952,4791,1915,99,2,107,Y,44.929634,-93.2621,TRUE,Training
Minneapolis,124900,3,1,1176,5227,1926,88,4,30,N,45.028839,-93.313171,FALSE,Test
Minneapolis,205900,2,1,1400,4791,1942,72,1,137,N,44.92915,-93.245697,FALSE,Validation
Minneapolis,425000,5,3.5,3456,5227,2013,1,2,97,N,44.929043,-93.215668,FALSE,Test
Minneapolis,187500,3,1.5,1620,3484,1964,50,1,20,N,44.928791,-93.248337,FALSE,Training
St. Paul,205000,5,2.25,1852,9147,1965,49,2,105,Y,44.939888,-93.00914,FALSE,Training
St. Paul,125000,4,1.5,1320,3920,1900,114,1,137,Y,44.926365,-93.102654,FALSE,Training
Minneapolis,230000,2,1,1453,6098,1936,78,2,14,N,44.92849,-93.249458,FALSE,Training
Minneapolis,179900,3,1,1203,6098,1927,87,2,119,Y,44.928307,-93.255829,FALSE,Validation
Minneapolis,184900,2,2,1420,5227,1911,103,2,74,Y,44.928329,-93.217506,FALSE,Training
Minneapolis,159900,3,1.75,1505,5227,1924,90,3,5,N,45.029854,-93.313942,FALSE,Training
Minneapolis,2100000,4,4,4514,12196,2013,1,4,15,N,44.928116,-93.31015,FALSE,Training
St. Paul,179900,2,1.5,1220,7405,1909,105,1,6,N,44.933514,-93.089203,FALSE,Validation
Minneapolis,139900,2,0.75,833,5227,1912,102,1,13,N,44.927692,-93.214401,FALSE,Training
Minneapolis,164900,3,1.5,1676,4791,1950,64,2,136,Y,45.030525,-93.313202,FALSE,Training
Minneapolis,159900,1,1,750,4791,1909,105,1,20,N,44.927593,-93.213127,FALSE,Training
St. Paul,147567,3,1,1344,7840,1925,89,2,137,Y,44.926289,-93.102859,FALSE,Test
Minneapolis,220000,4,2,2736,4791,1915,99,2,57,N,,,FALSE,Validation
Minneapolis,179900,2,1,1022,4791,1914,100,1,65,N,44.927486,-93.238113,FALSE,Training
Minneapolis,224900,3,1.75,1980,5227,1909,105,2,6,N,44.927219,-93.248932,FALSE,Validation
Minneapolis,245000,3,1.75,1482,4791,1914,100,2,2,N,44.927109,-93.24894,FALSE,Training
Minneapolis,349500,4,2.25,1916,7405,1961,53,2,119,Y,44.92728,-93.205803,FALSE,Training
Minneapolis,3775000,4,4.5,5670,15245,2000,14,3,137,N,44.954094,-93.319405,FALSE,Training
Minneapolis,75000,4,2,2163,6534,1904,110,1,26,Y,45.031807,-93.291573,FALSE,Validation
Minneapolis,1399900,4,4,4368,13068,1928,86,2,7,Y,44.926483,-93.29586,FALSE,Training
Minneapolis,349900,3,2.25,1800,5662,2013,1,2,137,N,44.926529,-93.226044,FALSE,Test
Minneapolis,174900,3,2,1586,6098,1955,59,2,112,N,44.926426,-93.250763,FALSE,Training
Minneapolis,309900,4,2.25,2047,5227,1906,108,4,69,Y,44.926384,-93.280891,FALSE,Validation
Minneapolis,299900,4,2,1653,5662,1996,18,2,14,N,44.92643,-93.225288,FALSE,Training
Minneapolis,237000,3,1.75,1621,5227,1924,90,2,57,N,44.926437,-93.257851,FALSE,Training
Minneapolis,159000,3,2.25,1970,6534,1929,85,1,137,N,45.031742,-93.29921,FALSE,Test
Minneapolis,105000,3,1,1042,6098,1923,91,1,1,N,45.032375,-93.297943,FALSE,Training
Minneapolis,228420,3,2.5,1578,4791,1923,91,1,57,Y,44.926136,-93.245689,FALSE,Test
Minneapolis,184900,3,2,1922,6534,1932,82,2,65,Y,45.032288,-93.316528,FALSE,Training
Minneapolis,189900,3,1.5,1620,6098,1953,61,2,19,N,44.92561,-93.250237,FALSE,Validation
Minneapolis,99900,2,1,1100,4791,1923,91,3,15,N,45.032719,-93.297958,FALSE,Test
Minneapolis,154900,3,1.75,2164,6098,1926,88,2,111,Y,45.0327,-93.314537,TRUE,Validation
Minneapolis,233900,2,1,1306,5227,1915,99,2,137,Y,44.925518,-93.279587,FALSE,Training
Minneapolis,120000,5,1,2060,4791,1928,86,2,14,N,45.032669,-93.312691,FALSE,Test
Minneapolis,1675000,4,4.25,6279,14374,1917,97,2,137,N,44.925224,-93.293938,FALSE,Training
Minneapolis,359900,4,2.5,1624,4791,2014,0,2,111,N,44.925419,-93.266663,FALSE,Training
St. Paul,164900,3,1,1532,7405,1957,57,2,51,N,44.954025,-93.007446,FALSE,Training
Minneapolis,359000,3,2.25,1956,4791,2014,0,2,68,N,44.924938,-93.231735,FALSE,Test
Minneapolis,995000,6,4.25,5401,10890,1922,92,3,96,N,44.924847,-93.294601,FALSE,Training
Minneapolis,193500,2,1,950,4356,1912,102,1,19,N,44.9249,-93.256554,FALSE,Test
Minneapolis,399900,3,2.5,2000,4791,2013,1,2,56,N,44.924839,-93.275719,FALSE,Training
Minneapolis,299900,4,2,2485,5662,1902,112,2,137,Y,44.995556,-93.258278,FALSE,Validation
St. Paul,63000,4,2,1469,4791,1887,127,4,105,Y,44.925083,-93.067413,FALSE,Training
Minneapolis,104900,2,1,1002,4791,1925,89,4,137,Y,45.033886,-93.313263,TRUE,Training
Minneapolis,274900,5,2.25,2292,5662,1955,59,2,13,N,44.924606,-93.210571,FALSE,Validation
Minneapolis,1450000,4,2.75,3740,15245,1956,58,2,93,N,44.924053,-93.295921,FALSE,Training
Minneapolis,99900,2,1,835,5227,1923,91,1,23,N,44.924351,-93.269272,FALSE,Training
Minneapolis,359900,4,2.5,1624,5662,2014,0,2,119,N,44.924171,-93.260376,FALSE,Validation
Minneapolis,89900,3,1,1455,5662,1923,91,1,137,Y,45.034271,-93.303787,TRUE,Training
Minneapolis,279900,4,1.5,2860,4791,1932,82,1,65,N,44.924122,-93.266685,FALSE,Training
Minneapolis,137500,3,1,1383,4791,1926,88,1,23,N,44.924026,-93.268555,FALSE,Training
Minneapolis,199900,3,2,1350,4356,1915,99,1,20,N,44.923805,-93.255295,FALSE,Validation
Minneapolis,179900,2,1.5,1016,5227,1915,99,2,57,Y,44.923733,-93.228668,FALSE,Training
Minneapolis,318500,4,2.75,2880,5227,2003,11,2,68,Y,44.923397,-93.227959,FALSE,Training
Minneapolis,135000,3,1,1412,5227,1947,67,1,137,Y,45.03508,-93.310188,FALSE,Training
St. Paul,67000,4,1,1248,4791,1895,119,1,18,N,44.962708,-93.118477,FALSE,Training
St. Paul,169900,3,1.25,1496,4791,2001,13,1,137,Y,44.926327,-93.103859,FALSE,Test
Minneapolis,229000,3,1.5,1046,5227,1900,114,2,137,Y,44.922901,-93.282906,FALSE,Training
Minneapolis,424900,3,2.5,1948,5227,2013,1,4,137,N,44.922916,-93.211838,FALSE,Test
Minneapolis,195000,1,1,900,5662,1910,104,4,30,N,44.922619,-93.285355,FALSE,Training
Minneapolis,1695000,7,4,6499,16117,1915,99,2,118,N,44.922359,-93.294662,FALSE,Validation
Minneapolis,90000,2,2,1039,3920,1900,114,1,137,Y,45.036114,-93.3013,FALSE,Training
Minneapolis,157700,2,1,1250,4791,1917,97,2,16,N,44.922588,-93.212379,FALSE,Validation
Minneapolis,1495000,4,3.75,4973,16552,1905,109,2,137,Y,44.92181,-93.294716,FALSE,Training
Minneapolis,119000,3,1,1280,4791,1925,89,2,65,Y,45.036491,-93.312027,TRUE,Training
Minneapolis,254900,5,3,2640,6969,1940,74,2,69,Y,44.922264,-93.214409,FALSE,Training
Minneapolis,189900,3,1.75,1489,5227,1921,93,2,19,N,44.922153,-93.212379,FALSE,Training
Minneapolis,225000,2,1.75,1548,5227,1974,40,4,6,N,44.994751,-93.254074,FALSE,Training
Minneapolis,839900,5,3.25,3574,5662,2013,1,2,9,N,44.921253,-93.323616,FALSE,Training
Minneapolis,194000,4,1,1213,5227,1950,64,1,119,Y,44.921272,-93.271141,FALSE,Training
Minneapolis,799000,5,3,3225,5227,2013,1,2,137,N,44.921124,-93.326241,FALSE,Training
Minneapolis,1179000,5,3.25,4330,6534,2014,0,2,119,N,44.920986,-93.32692,FALSE,Validation
Minneapolis,179900,3,1.75,1409,5227,1924,90,2,5,N,44.921165,-93.269852,FALSE,Validation
Minneapolis,194900,3,1.75,1790,6969,1948,66,2,1,N,45.037888,-93.315109,FALSE,Validation
Minneapolis,839900,4,3.25,3475,5227,2013,1,2,57,N,44.920712,-93.325829,FALSE,Training
Minneapolis,159900,4,1.75,2000,6534,1949,65,2,77,Y,45.038383,-93.318909,FALSE,Training
Minneapolis,89900,2,1,780,5009,1900,114,1,92,N,45.037506,-93.289215,FALSE,Training
Minneapolis,1400000,4,3.25,4181,16988,1925,89,2,137,N,44.920345,-93.295059,FALSE,Test
Minneapolis,105900,3,2,1408,6098,1914,100,2,106,Y,44.920139,-93.216293,FALSE,Training
St. Paul,99000,3,1,2330,8712,1922,92,1,1,N,44.955227,-93.015526,TRUE,Training
Minneapolis,66900,2,1,1400,4791,1929,85,1,43,Y,45.038704,-93.312065,FALSE,Test
Minneapolis,349000,2,1.5,1715,5662,1908,106,2,119,Y,44.919327,-93.320534,FALSE,Training
Minneapolis,156900,3,1,1521,5227,1947,67,2,137,Y,45.03878,-93.313332,FALSE,Validation
Minneapolis,143900,3,1.25,1794,5227,1948,66,2,137,Y,45.039028,-93.312065,FALSE,Training
Minneapolis,89900,3,1,1706,5227,1924,90,2,27,N,45.039162,-93.294342,FALSE,Training
Minneapolis,279900,3,1.5,1608,4356,1910,104,2,16,N,44.918522,-93.287895,FALSE,Training
Minneapolis,249900,3,1,1154,5227,1921,93,2,13,N,44.917427,-93.250778,FALSE,Training
Minneapolis,229900,3,2,1658,5227,1915,99,1,40,N,44.917442,-93.263542,FALSE,Training
Minneapolis,174900,3,1.5,1642,6098,1951,63,1,119,Y,45.040882,-93.318985,FALSE,Training
Minneapolis,575900,5,3.5,3564,4791,2008,6,2,137,Y,44.917027,-93.286064,FALSE,Training
Minneapolis,595000,3,2.25,2416,5662,1925,89,2,65,N,44.917099,-93.328186,FALSE,Training
Minneapolis,174900,3,1,1402,6098,1951,63,2,20,N,45.041157,-93.318993,FALSE,Validation
Minneapolis,119900,4,1.5,1129,4791,1926,88,2,49,N,45.041199,-93.29361,FALSE,Validation
Minneapolis,429900,3,3,2324,4791,2014,0,1,7,N,44.916889,-93.26815,FALSE,Validation
Minneapolis,835000,5,3.5,3853,5227,2013,1,2,77,N,44.916721,-93.320511,FALSE,Training
Minneapolis,690000,4,2.25,2404,3920,1925,89,2,65,N,44.91663,-93.325768,FALSE,Training
Minneapolis,239900,4,1,2390,5227,1921,93,3,77,Y,44.916553,-93.2528,FALSE,Test
Minneapolis,179900,2,1,828,4791,1917,97,1,9,N,44.916454,-93.263557,FALSE,Training
St. Paul,119000,3,1,1011,6098,1875,139,1,137,N,44.956409,-93.1203,FALSE,Test
Minneapolis,4650000,5,5.5,8655,16117,1932,82,3,137,N,44.915871,-93.31192,FALSE,Training
Minneapolis,39000,2,1.5,1180,5662,1950,64,1,119,Y,45.043152,-93.288506,TRUE,Training
Minneapolis,184900,2,1,1146,6534,1915,99,1,13,N,44.914696,-93.228004,FALSE,Test
Minneapolis,189000,2,1,1174,5227,1921,93,3,20,Y,44.914818,-93.273247,FALSE,Training
Minneapolis,129900,2,1,1044,4791,1941,73,1,7,N,45.043331,-93.293098,FALSE,Validation
Minneapolis,2795000,4,4.75,4939,21344,1930,84,2,137,N,44.915676,-93.310974,FALSE,Validation
Minneapolis,99900,2,1,1248,4791,1930,84,1,100,Y,45.043655,-93.29052,FALSE,Test
Minneapolis,39900,2,1,1390,4791,1909,105,2,5,N,45.043766,-93.287292,FALSE,Validation
St. Paul,424900,3,1.5,1916,5662,1926,88,2,104,Y,44.926739,-93.193916,FALSE,Training
St. Paul,379900,4,2,1025,5662,1926,88,2,137,N,44.926739,-93.193275,FALSE,Training
Minneapolis,1495000,5,4.5,4646,23522,1907,107,4,119,N,44.915001,-93.307915,FALSE,Test
St. Paul,165000,4,2.5,2104,6534,1951,63,3,70,Y,44.920753,-93.082924,FALSE,Validation
Minneapolis,799900,4,2.5,4177,10454,1955,59,2,69,N,44.913956,-93.301392,FALSE,Training
Minneapolis,147900,3,1.75,1638,6534,1957,57,2,33,N,45.044121,-93.317802,FALSE,Training
Minneapolis,110000,3,1,1068,6534,1951,63,2,15,N,45.044212,-93.289795,FALSE,Training
Minneapolis,339000,3,2.25,2060,5227,1959,55,2,20,N,44.913937,-93.263565,FALSE,Test
Minneapolis,399988,5,2.75,2592,6098,1952,62,2,82,Y,44.913631,-93.270691,FALSE,Training
Minneapolis,252500,3,2,1700,6098,1922,92,2,49,N,44.913521,-93.277626,FALSE,Training
Minneapolis,869000,4,4.25,3519,6098,1924,90,2,19,N,44.91328,-93.289917,FALSE,Test
Minneapolis,89900,2,1,700,9583,1947,67,2,77,N,45.04538,-93.314713,FALSE,Training
Minneapolis,868900,5,3.25,3650,5227,2014,0,4,63,N,44.913296,-93.321762,FALSE,Validation
Minneapolis,259900,2,1.5,1853,5662,1959,55,1,137,Y,44.913254,-93.312141,FALSE,Training
Minneapolis,124900,2,1,1200,6098,1955,59,1,96,Y,45.045341,-93.313438,FALSE,Training
St. Paul,269000,3,2,1524,9583,1957,57,2,68,Y,44.956184,-93.206543,FALSE,Test
Minneapolis,124900,3,1.75,1460,7840,1955,59,1,63,N,45.045387,-93.309624,FALSE,Training
Minneapolis,112900,3,1,1460,5793,1946,68,2,44,Y,45.045578,-93.2911,FALSE,Training
St. Paul,139900,3,1.75,1600,8276,1961,53,1,86,N,44.988911,-93.079674,FALSE,Test
Minneapolis,625000,3,2.25,2700,11325,1931,83,2,72,N,44.912247,-93.273285,FALSE,Training
Minneapolis,134900,4,1.5,1685,6534,1950,64,2,49,N,45.045876,-93.289268,FALSE,Training
Minneapolis,849500,4,3.25,3752,5227,2014,0,3,43,N,44.911495,-93.321747,FALSE,Training
St. Paul,239900,5,2.5,2016,9147,1900,114,2,77,N,44.922783,-93.064224,FALSE,Test
Minneapolis,339900,3,1.5,2124,5662,1953,61,3,5,N,44.911064,-93.247719,FALSE,Validation
Minneapolis,99999,4,1,1128,5662,1950,64,3,77,Y,45.04726,-93.297546,FALSE,Training
Minneapolis,350000,3,1,1550,5227,1980,34,2,5,N,44.910725,-93.312851,FALSE,Validation
St. Paul,749900,6,4.25,4869,9147,1895,119,1,44,N,44.939743,-93.121346,TRUE,Test
Minneapolis,299000,3,2,1697,5227,1920,94,2,20,N,44.910679,-93.218674,FALSE,Validation
Minneapolis,599000,4,3.5,2938,5227,2013,1,2,137,N,44.910179,-93.318481,FALSE,Training
St. Paul,95000,2,1.75,2204,4791,1982,32,1,40,N,44.922783,-93.063995,FALSE,Test
Minneapolis,305000,3,2,1607,5662,1900,114,2,77,Y,44.909924,-93.322289,FALSE,Test
Minneapolis,124900,3,1,1216,6969,1951,63,2,117,Y,45.048492,-93.293694,FALSE,Test
Minneapolis,157000,2,1.75,1737,6534,1925,89,1,6,N,44.909714,-93.208443,FALSE,Training
Minneapolis,129550,3,1,1200,5227,1917,97,2,47,N,45.048588,-93.302063,FALSE,Test
Minneapolis,140000,3,1.75,1738,4791,1962,52,2,44,N,45.048695,-93.302063,FALSE,Training
Minneapolis,699000,3,2,2376,5140,1924,90,2,2,N,44.909145,-93.31411,FALSE,Validation
Minneapolis,225000,3,2,2214,3049,1915,99,2,134,N,44.937511,-93.286377,FALSE,Validation
Minneapolis,53900,1,1,700,4356,1924,90,1,137,Y,45.049194,-93.291145,FALSE,Training
Minneapolis,228500,2,1,1095,5227,1917,97,1,77,Y,44.909218,-93.228783,FALSE,Training
St. Paul,194900,5,1.5,1851,6098,1964,50,2,106,Y,44.984333,-93.121872,FALSE,Validation
Minneapolis,225000,3,1.75,1758,10454,2014,0,2,82,N,45.049759,-93.308968,FALSE,Training
Minneapolis,225000,3,1.75,1758,7405,2014,0,2,82,N,45.049561,-93.308426,FALSE,Training
Minneapolis,139900,2,2,1100,5227,1923,91,4,119,N,45.050011,-93.286018,FALSE,Training
Minneapolis,119900,3,1.5,1121,5227,1921,93,2,57,N,45.050232,-93.287308,FALSE,Training
Minneapolis,339900,3,2.5,2079,5662,1949,65,2,89,Y,44.907856,-93.255363,FALSE,Training
Minneapolis,138500,5,1.75,1774,4791,1945,69,1,137,N,45.050339,-93.296272,FALSE,Training
Minneapolis,219900,3,1,1052,5227,1951,63,2,9,N,44.907578,-93.261002,FALSE,Training
Minneapolis,955000,5,4.5,4720,6534,1927,87,3,88,N,44.907047,-93.296829,FALSE,Training
St. Paul,99900,2,1,754,9583,1924,90,2,9,N,44.972248,-93.078194,FALSE,Training
St. Paul,520000,4,2.25,2352,5662,1888,126,2,2,N,44.947147,-93.12252,FALSE,Training
St. Paul,149900,3,1.25,1288,5227,1907,107,3,70,N,44.930004,-93.101593,FALSE,Training
St. Paul,145000,3,1,1279,4791,1914,100,2,137,N,44.957283,-93.06057,FALSE,Test
Minneapolis,260000,3,1,1176,4791,1925,89,2,1,N,44.906943,-93.325364,FALSE,Validation
Minneapolis,479900,3,1.5,2191,5924,1936,78,2,104,Y,44.906761,-93.298103,FALSE,Training
Minneapolis,324900,4,1.5,2114,4791,1948,66,2,2,N,44.906776,-93.257942,FALSE,Training
Minneapolis,159900,1,1,599,5227,1923,91,2,95,Y,44.906944,-93.216858,FALSE,Validation
Minneapolis,234900,3,1,1540,4791,1939,75,1,51,N,44.906696,-93.254646,FALSE,Training
Minneapolis,499900,3,1.5,2552,6534,1927,87,2,57,N,44.90604,-93.272537,FALSE,Test
Minneapolis,319900,2,2.25,1930,5227,1921,93,2,2,N,44.906025,-93.302643,FALSE,Training
Minneapolis,624900,5,2.75,2697,4791,1929,85,2,51,N,44.905899,-93.295013,FALSE,Validation
Minneapolis,179990,3,1,1031,5227,1924,90,2,65,Y,44.906124,-93.214874,FALSE,Training
Minneapolis,799990,4,3.25,3398,5227,2013,1,4,9,N,44.905968,-93.32299,FALSE,Training
Minneapolis,225000,3,1,1154,5227,1940,74,2,137,Y,44.905762,-93.257957,FALSE,Training
Minneapolis,699900,4,3.5,3200,5227,2006,8,2,8,N,44.905846,-93.322266,FALSE,Training
Minneapolis,129900,2,1.75,954,5227,1924,90,1,36,N,44.905834,-93.20977,TRUE,Test
Minneapolis,309999,3,1.75,1725,5662,1928,86,1,89,Y,44.905426,-93.307716,FALSE,Training
St. Paul,599900,4,3,3552,5662,1880,134,2,119,N,44.947147,-93.12291,FALSE,Training
Minneapolis,299900,4,2,2208,6534,1948,66,1,68,Y,44.904976,-93.305176,FALSE,Training
Minneapolis,389900,4,1.75,2320,7405,1918,96,3,57,N,44.905033,-93.273834,FALSE,Validation
Minneapolis,129900,3,1.75,1574,5227,1950,64,1,85,Y,44.905251,-93.208496,FALSE,Validation
Minneapolis,134800,1,1,675,5227,1922,92,2,137,Y,44.905144,-93.209778,FALSE,Validation
Minneapolis,224900,3,1,1140,5662,1947,67,1,57,Y,44.904659,-93.317909,FALSE,Test
Minneapolis,117900,2,1,739,6098,1923,91,2,85,Y,44.904865,-93.226814,FALSE,Training
Minneapolis,124900,1,1,548,6098,1924,90,1,137,N,44.904633,-93.22393,FALSE,Training
Minneapolis,209900,4,2,2852,5227,1944,70,1,43,Y,44.904453,-93.227585,FALSE,Training
Minneapolis,239900,4,2,2164,4791,1946,68,1,96,N,44.904282,-93.235779,FALSE,Test
Minneapolis,184900,3,1.75,1596,5227,1946,68,2,36,N,44.904213,-93.230118,FALSE,Training
Minneapolis,137000,1,1,690,6534,1922,92,3,86,Y,44.903931,-93.224747,FALSE,Training
Minneapolis,254900,4,2,1627,6098,1926,88,2,96,Y,44.903584,-93.286102,FALSE,Validation
St. Paul,529900,6,3.25,3990,9147,1912,102,4,137,Y,44.94313,-93.147102,FALSE,Training
Minneapolis,309900,5,2.75,2686,6534,1950,64,2,6,N,44.903286,-93.254707,FALSE,Training
Minneapolis,224990,3,1.75,1340,4791,1925,89,4,77,Y,44.903336,-93.214897,FALSE,Training
Minneapolis,419900,4,2.25,2925,5227,2000,14,2,71,Y,,,FALSE,Training
Minneapolis,324900,3,2,1694,7405,1940,74,2,68,Y,44.902409,-93.26564,FALSE,Training
Minneapolis,284700,3,1.75,1702,5227,1953,61,2,6,N,44.902626,-93.318451,FALSE,Training
Minneapolis,169990,3,1.5,1080,6098,1924,90,2,137,Y,44.902321,-93.27834,FALSE,Training
Minneapolis,189900,3,2,1510,6534,1928,86,4,9,N,44.902466,-93.22477,FALSE,Validation
St. Paul,110000,3,1.75,1376,4791,1909,105,2,137,Y,44.957836,-93.118492,FALSE,Test
St. Paul,133900,3,1.75,1129,10018,1947,67,1,8,N,44.958103,-93.024773,FALSE,Training
Minneapolis,169900,2,1,696,5227,1948,66,3,57,N,44.901936,-93.233971,FALSE,Validation
Minneapolis,399900,4,3.25,2722,7840,1995,19,2,104,Y,44.90176,-93.282204,FALSE,Test
Minneapolis,234900,3,1.75,2150,6969,1950,64,4,12,N,44.901615,-93.221291,FALSE,Training
Minneapolis,187000,4,2.5,1555,5227,1940,74,4,137,Y,44.901302,-93.275887,FALSE,Training
Minneapolis,219900,5,1.75,1670,6534,1924,90,2,36,N,44.901127,-93.273926,FALSE,Test
Minneapolis,185900,3,1,1214,5227,1923,91,2,135,N,44.901169,-93.220741,FALSE,Training
Minneapolis,249900,3,1.75,1314,5227,1950,64,1,10,N,44.900955,-93.305756,FALSE,Training
Minneapolis,289900,3,1.5,1440,6098,1937,77,1,92,N,44.900627,-93.258095,FALSE,Training
Minneapolis,273500,3,1.75,1587,5227,1950,64,1,5,N,44.900703,-93.298828,FALSE,Validation
St. Paul,56750,2,1,1397,3920,1957,57,1,57,Y,44.95829,-93.063179,FALSE,Training
Minneapolis,169900,3,1.75,1373,5227,1952,62,2,93,N,44.900459,-93.232719,FALSE,Validation
Minneapolis,219000,3,1.5,1828,5227,1912,102,1,82,Y,44.900242,-93.278442,FALSE,Training
Minneapolis,199900,3,1,1496,5227,1945,69,1,105,N,44.900436,-93.235817,FALSE,Validation
Minneapolis,750000,4,3.5,3531,5227,2013,1,2,70,N,44.900166,-93.31411,FALSE,Test
Minneapolis,164900,3,1,1080,5227,1951,63,1,37,N,44.900349,-93.233269,TRUE,Validation
St. Paul,129895,2,1,1500,6534,1904,110,6,103,Y,44.971306,-93.124222,FALSE,Training
St. Paul,255000,5,1.75,2120,7405,1975,39,2,57,Y,44.934383,-93.123451,FALSE,Training
St. Paul,144900,3,1.5,1447,8276,1958,56,1,37,N,44.977619,-93.124283,FALSE,Training
Minneapolis,174900,3,1,1674,6098,1951,63,1,84,N,44.899689,-93.219482,FALSE,Training
Minneapolis,339900,3,2.5,2007,6534,1947,67,2,9,N,44.899353,-93.286102,FALSE,Validation
Minneapolis,199900,4,1,1212,8712,1927,87,3,110,N,44.899612,-93.214935,FALSE,Test
Minneapolis,189900,3,1.75,1374,6534,1950,64,4,12,N,44.899403,-93.221321,FALSE,Validation
Minneapolis,209900,3,1.5,1586,5227,1948,66,1,111,Y,44.899235,-93.239609,FALSE,Training
Minneapolis,174900,2,1.75,1623,10454,1947,67,1,119,Y,44.898731,-93.308296,TRUE,Training
Minneapolis,184900,3,1.75,1572,5662,1952,62,2,92,Y,44.898609,-93.254288,FALSE,Training
Minneapolis,289900,3,1.75,1820,5227,1949,65,2,107,N,44.898819,-93.305763,FALSE,Training
Minneapolis,274900,3,2.75,1835,5662,1938,76,1,69,N,44.898384,-93.279007,FALSE,Training
St. Paul,329900,3,2.5,1767,5227,1928,86,2,137,N,44.924118,-93.164825,FALSE,Training
St. Paul,145000,4,2,1680,4791,1899,115,2,6,N,44.959091,-93.124641,FALSE,Training
Minneapolis,575000,3,2.25,3173,6534,2014,0,2,6,N,44.897625,-93.304382,FALSE,Training
Minneapolis,184900,3,1.75,1536,6098,1981,33,2,7,N,44.897511,-93.245972,FALSE,Training
St. Paul,139900,4,1.75,1246,4791,1900,114,2,137,Y,44.958916,-93.063843,FALSE,Training
Minneapolis,329900,3,2,2216,6534,1941,73,2,137,Y,44.897366,-93.263748,FALSE,Validation
Minneapolis,243000,3,1,1726,6534,1946,68,1,112,Y,44.897007,-93.291229,FALSE,Validation
Minneapolis,274900,4,2,1862,5227,1957,57,2,22,N,44.897064,-93.295586,FALSE,Training
Minneapolis,239999,4,1.5,1822,6098,1951,63,2,89,Y,44.896538,-93.258232,FALSE,Training
Minneapolis,289900,3,1.5,2512,6098,1942,72,2,1,N,44.8964,-93.259964,FALSE,Training
Minneapolis,214900,2,1,1115,6969,1947,67,2,46,N,44.896061,-93.310852,FALSE,Training
Minneapolis,230000,3,1,1239,5227,1951,63,2,20,N,44.896042,-93.315926,FALSE,Test
Minneapolis,525000,4,2.5,2184,6098,2013,1,2,88,N,44.895779,-93.295029,FALSE,Training
Minneapolis,354500,3,1.5,1968,6098,1958,56,3,51,N,44.89629,-93.297981,FALSE,Test
Minneapolis,509900,3,2.5,2032,6098,2013,1,2,89,N,44.895817,-93.294852,FALSE,Training
Minneapolis,525000,4,2.5,2184,6098,2013,1,2,88,N,44.895611,-93.295036,FALSE,Training
Minneapolis,201500,2,1,745,6534,1949,65,1,137,Y,44.896362,-93.308296,FALSE,Training
Minneapolis,199900,3,1,1284,5227,1946,68,3,16,N,44.895279,-93.258263,FALSE,Training
Minneapolis,315900,3,1.75,2368,6098,1950,64,2,119,Y,44.894997,-93.258774,FALSE,Training
Minneapolis,334900,3,2.5,2098,5227,1972,42,2,57,Y,44.895176,-93.3172,FALSE,Test
Minneapolis,239900,4,2,1514,6098,1949,65,2,72,N,44.895485,-93.30648,FALSE,Training
Minneapolis,499000,5,3.25,2501,5227,2013,1,2,103,N,44.894928,-93.295593,FALSE,Training
St. Paul,120990,3,1.5,1296,5227,1920,94,1,1,N,44.959137,-93.055542,FALSE,Test
Minneapolis,189200,3,1.5,1117,6098,1942,72,1,97,N,44.894592,-93.259483,FALSE,Validation
Minneapolis,199000,4,1.5,1610,5227,1947,67,1,77,Y,44.894932,-93.314667,FALSE,Training
Minneapolis,279900,3,1.5,2326,7405,1955,59,2,137,N,44.894745,-93.296326,FALSE,Training
St. Paul,179900,3,2,1970,7405,1950,64,4,76,Y,44.979446,-93.125275,FALSE,Validation
St. Paul,65000,1,0.75,650,4791,1884,130,0,93,N,44.961803,-93.125504,FALSE,Training
St. Paul,99900,3,1,1385,4791,1938,76,1,113,Y,44.976234,-93.102592,TRUE,Training
Minneapolis,199900,3,1.5,1755,5662,1957,57,1,77,N,44.893932,-93.263748,FALSE,Validation
Minneapolis,569900,5,3.25,3892,6534,1957,57,2,37,N,44.893921,-93.295593,FALSE,Training
Minneapolis,249900,3,1,1879,5662,1955,59,2,51,Y,44.89381,-93.312828,FALSE,Validation
Minneapolis,159900,3,1.75,1260,6098,1950,64,4,27,Y,44.893387,-93.26445,TRUE,Training
Minneapolis,334900,4,2,2496,5662,1958,56,2,35,Y,44.893566,-93.311562,FALSE,Test
Minneapolis,245000,3,1.75,1657,5662,1953,61,2,105,Y,44.89307,-93.311562,FALSE,Validation
Minneapolis,256900,4,1.5,2096,6534,1951,63,2,13,N,44.892673,-93.258331,FALSE,Training
Minneapolis,219900,3,1.75,1740,6534,1956,58,1,119,Y,44.892673,-93.256302,FALSE,Training
Minneapolis,219900,4,1.5,2109,6098,1953,61,2,66,Y,44.892601,-93.27652,FALSE,Validation
St. Paul,57500,4,1.75,2620,4791,1890,124,2,7,N,44.970505,-93.074814,FALSE,Validation
St. Paul,95000,1,1.25,952,8624,1880,134,2,137,Y,44.976746,-93.098488,FALSE,Training
Minneapolis,224900,3,1.75,1935,6534,1951,63,3,111,Y,44.892193,-93.25885,FALSE,Validation
Minneapolis,255000,3,1.75,1923,6926,1954,60,2,77,N,44.8922,-93.257568,FALSE,Training
Minneapolis,299900,3,1.75,1681,6534,1951,63,2,1,N,44.89217,-93.317917,FALSE,Training
Minneapolis,184500,2,1.75,1504,6098,1952,62,1,75,Y,44.891888,-93.309029,FALSE,Test
Minneapolis,190000,3,1.75,1348,5662,1950,64,2,119,Y,44.891918,-93.315369,TRUE,Training
Minneapolis,219900,3,1,1382,6534,1951,63,2,72,Y,44.891899,-93.318466,FALSE,Validation
Minneapolis,199900,3,1.5,1553,2178,1904,110,0,85,Y,44.944901,-93.28756,FALSE,Training
Minneapolis,169900,3,1,1112,5227,1941,73,2,1,N,44.891472,-93.272598,FALSE,Training
Minneapolis,239000,3,1.75,2376,8712,1956,58,2,44,N,44.891399,-93.306564,FALSE,Training
St. Paul,209900,3,1.25,1127,5227,1907,107,2,137,N,44.927197,-93.104362,FALSE,Training
St. Paul,450000,8,4,4216,7405,1912,102,4,103,N,44.954185,-93.12661,FALSE,Training
St. Paul,39900,3,1,1104,6098,1886,128,1,86,Y,44.960064,-93.115746,FALSE,Test
St. Paul,199900,5,2,1750,13068,1900,114,2,5,N,44.981232,-93.126701,FALSE,Training
St. Paul,169900,4,1.5,1544,7405,1900,114,3,137,Y,44.926994,-93.087036,FALSE,Training
St. Paul,145000,1,1,933,1001,2004,10,0,49,Y,44.947727,-93.126877,FALSE,Test
St. Paul,79900,2,1,1050,4791,1920,94,2,86,Y,44.962322,-93.12706,TRUE,Training
St. Paul,142900,3,2,1426,6534,1900,114,0,137,N,44.921986,-93.134071,FALSE,Training
St. Paul,109000,2,2,982,6969,1886,128,1,137,N,44.959606,-93.127251,FALSE,Validation
St. Paul,90000,3,1,3580,4791,1888,126,2,33,N,44.969616,-93.072922,FALSE,Validation
St. Paul,144900,3,1,1215,12196,1949,65,1,137,Y,44.961109,-93.051903,TRUE,Training
St. Paul,90000,3,1.75,1596,3484,1922,92,1,137,Y,44.979912,-93.072876,FALSE,Test
St. Paul,87500,4,2.5,2136,4791,1884,130,2,1,N,44.953403,-93.070129,FALSE,Test
St. Paul,132000,5,2.75,1600,4791,1900,114,1,137,Y,44.959087,-93.12812,FALSE,Validation
St. Paul,164900,3,1.5,1440,6098,1965,49,2,10,N,44.983906,-93.072571,FALSE,Training
St. Paul,379850,2,1.75,1676,9147,1953,61,3,12,N,44.921108,-93.148247,FALSE,Training
St. Paul,99100,3,1.75,1798,5662,1900,114,3,2,N,44.961693,-93.115746,FALSE,Training
St. Paul,129900,3,1.5,1865,7840,1947,67,6,57,Y,44.989925,-93.072258,FALSE,Training
St. Paul,599000,4,2.25,3233,12632,1956,58,2,137,Y,44.921082,-93.197403,FALSE,Training
St. Paul,119900,3,1,1080,10890,1887,127,1,47,Y,44.920921,-93.134796,FALSE,Training
St. Paul,154900,2,1,1575,4791,1900,114,1,85,Y,44.930904,-93.128586,FALSE,Test
St. Paul,414900,3,2.5,3155,5662,1998,16,2,57,Y,44.920837,-93.147072,FALSE,Validation
St. Paul,204900,3,1,1705,4791,1949,65,4,20,N,44.991138,-93.12883,FALSE,Training
St. Paul,230000,4,1.75,1985,10890,1917,97,2,8,N,44.981331,-93.071526,FALSE,Training
Minneapolis,174900,3,2,2084,5227,1925,89,2,36,N,45.035309,-93.252892,FALSE,Training
St. Paul,153900,3,1.75,1468,7405,1982,32,2,82,Y,44.991302,-93.071404,FALSE,Test
St. Paul,144900,3,1,1424,3920,1940,74,2,113,Y,44.983124,-93.071266,FALSE,Validation
St. Paul,97900,3,2.25,1512,3049,1985,29,1,63,Y,44.925018,-93.101532,FALSE,Validation
St. Paul,74900,4,1.75,1880,4791,1906,108,2,51,Y,44.976826,-93.070808,FALSE,Training
St. Paul,129900,3,0.75,1180,4791,1900,114,2,91,Y,44.96233,-93.12989,FALSE,Training
Minneapolis,119900,4,1.5,1304,5227,1939,75,2,119,Y,45.035301,-93.252388,FALSE,Training
St. Paul,114900,3,1,1408,4791,1923,91,1,89,Y,44.957798,-93.13002,FALSE,Validation
St. Paul,145000,4,1.75,2072,6098,1940,74,1,2,N,44.975842,-93.097778,FALSE,Validation
St. Paul,169900,4,1.5,2100,4791,1904,110,2,137,Y,44.975933,-93.070496,FALSE,Validation
St. Paul,69900,2,1,1216,4791,1893,121,0,137,N,44.959087,-93.130188,TRUE,Test
St. Paul,69900,2,1.5,1107,3484,1900,114,0,77,N,44.962814,-93.068848,FALSE,Validation
St. Paul,115000,3,1.75,1358,4791,1938,76,1,1,N,44.976238,-93.103058,FALSE,Training
St. Paul,134900,3,1,1018,4791,1894,120,1,57,Y,44.975937,-93.069878,FALSE,Training
St. Paul,120000,3,1.5,1500,2613,1900,114,1,21,Y,44.956894,-93.130836,FALSE,Test
St. Paul,112900,3,1,1190,4791,1946,68,1,20,N,44.971828,-93.069901,FALSE,Test
St. Paul,990000,4,4,5214,13068,1926,88,2,137,Y,44.943401,-93.196991,FALSE,Training
St. Paul,174900,3,1,1479,4791,1951,63,2,43,N,44.991158,-93.130844,FALSE,Validation
St. Paul,149900,4,2,1397,4791,1932,82,2,77,Y,44.976326,-93.069183,FALSE,Validation
St. Paul,99900,2,1,1096,7405,1948,66,2,105,Y,44.982658,-93.069145,FALSE,Training
St. Paul,164900,2,0.75,1229,5227,1938,76,3,49,Y,44.983166,-93.069061,FALSE,Training
St. Paul,774900,6,3,3420,8712,1909,105,2,137,Y,44.934418,-93.131767,FALSE,Test
St. Paul,165000,6,2,1476,5227,1955,59,1,2,N,44.923462,-93.077225,FALSE,Training
St. Paul,89900,2,1.5,1099,17859,1916,98,3,137,N,44.989891,-93.068886,TRUE,Test
St. Paul,175000,3,1.5,1417,5227,1900,114,1,57,N,44.922981,-93.131866,FALSE,Test
St. Paul,359900,4,1.25,2252,4791,1908,106,3,96,Y,44.944298,-93.132164,FALSE,Training
St. Paul,159900,2,1,1405,4791,1880,134,1,54,N,44.923489,-93.131859,FALSE,Training
St. Paul,139900,3,2,1920,5227,1958,56,2,3,N,44.987995,-93.102989,TRUE,Training
St. Paul,79900,3,1.25,1248,4791,1915,99,2,8,N,44.959091,-93.132553,FALSE,Training
St. Paul,75000,2,1,1584,4007,1904,110,1,51,N,44.955055,-93.132545,FALSE,Training
St. Paul,154900,3,1.75,1785,4791,1928,86,2,12,Y,44.97287,-93.131866,FALSE,Training
St. Paul,145000,4,2,1904,4791,1894,120,1,53,N,44.962337,-93.132721,FALSE,Training
St. Paul,299900,5,2.5,2460,11761,1900,114,3,104,Y,44.93095,-93.132332,FALSE,Training
St. Paul,179900,4,1.75,1127,5227,1907,107,1,2,N,44.964489,-93.169983,FALSE,Test
St. Paul,34900,3,1,1236,4791,1884,130,2,19,N,44.974148,-93.067947,FALSE,Validation
St. Paul,109000,2,1,963,4791,1925,89,1,119,Y,44.96143,-93.133186,FALSE,Test
St. Paul,349000,3,2.25,1800,4791,2014,0,2,29,N,44.948799,-93.1334,FALSE,Training
St. Paul,108400,4,1.75,1690,4791,1979,35,2,137,Y,44.970058,-93.067276,FALSE,Training
St. Paul,675000,7,3.5,4806,12632,1910,104,6,137,Y,44.940872,-93.133476,FALSE,Validation
St. Paul,139900,4,2.5,1496,4791,1883,131,1,40,N,44.973244,-93.066948,FALSE,Training
St. Paul,171900,3,1,1282,4356,1913,101,3,119,N,44.922104,-93.101494,FALSE,Training
Minneapolis,2995000,4,3.5,5819,19602,2002,12,4,41,N,44.956566,-93.318939,FALSE,Test
St. Paul,209900,3,1,1448,6098,1923,91,2,65,N,44.927132,-93.134109,FALSE,Test
Minneapolis,245999,4,3,1900,3920,1900,114,1,5,N,45.016567,-93.249344,FALSE,Test
St. Paul,155900,4,1.75,1408,4791,1912,102,1,83,N,44.954578,-93.135353,FALSE,Training
St. Paul,40000,3,1,1645,4791,1885,129,0,43,N,44.957802,-93.135391,FALSE,Validation
St. Paul,124100,3,2.25,2074,8712,1957,57,1,137,Y,44.963249,-93.135567,TRUE,Test
St. Paul,61900,3,2,1365,4791,1904,110,1,112,Y,44.966434,-93.079552,FALSE,Test
St. Paul,134900,3,1,1773,4791,1911,103,4,119,Y,44.955402,-93.135529,FALSE,Training
St. Paul,100000,5,1.75,1758,4791,1915,99,2,19,N,44.959621,-93.135544,FALSE,Validation
St. Paul,129900,3,1,1188,3920,1886,128,1,113,Y,44.966736,-93.109406,FALSE,Training
St. Paul,148900,2,1,1427,4791,1910,104,2,19,N,44.960915,-93.135712,FALSE,Training
St. Paul,165000,2,1,1047,7405,1915,99,2,137,Y,44.948799,-93.135834,FALSE,Validation
St. Paul,135900,3,1.75,1820,4791,1926,88,1,137,N,44.969673,-93.064873,FALSE,Training
St. Paul,139900,4,2,1796,4791,1908,106,2,29,N,44.961891,-93.064796,FALSE,Test
St. Paul,121900,4,2,2126,6098,1991,23,1,5,N,44.965031,-93.103577,FALSE,Test
St. Paul,44900,2,1,826,7405,1888,126,3,70,N,44.966831,-93.095963,FALSE,Training
St. Paul,49900,2,1,1241,4791,1913,101,0,12,N,44.970581,-93.06424,FALSE,Training
St. Paul,359000,3,3.25,2983,9583,1998,16,2,137,Y,44.945175,-93.031662,FALSE,Training
St. Paul,56900,4,2,1543,4791,1908,106,2,96,Y,44.961895,-93.064339,FALSE,Training
St. Paul,59900,3,1.5,1284,4356,1909,105,1,137,Y,44.967148,-93.115799,FALSE,Training
St. Paul,154900,3,2,1400,4356,1889,125,4,51,N,44.952415,-93.136681,FALSE,Test
St. Paul,47000,3,1,1000,4791,1884,130,1,22,N,44.95649,-93.064133,FALSE,Training
St. Paul,74900,4,1.75,2269,4791,1909,105,1,137,Y,44.95739,-93.06414,FALSE,Test
St. Paul,74900,3,1.75,1400,5227,1915,99,1,9,Y,44.928417,-93.136932,FALSE,Training
St. Paul,139900,3,1,1189,4791,1911,103,2,86,N,44.959095,-93.136917,FALSE,Training
St. Paul,179900,3,1.75,1300,5227,1906,108,2,20,N,44.919937,-93.100945,FALSE,Training
St. Paul,105000,2,1,914,6098,1880,134,7,27,N,44.9674,-93.11068,FALSE,Validation
St. Paul,226900,3,1.5,1381,6098,1948,66,1,7,N,44.914936,-93.185532,FALSE,Validation
St. Paul,99900,3,1,1267,6534,1884,130,2,12,N,44.96751,-93.081573,FALSE,Training
St. Paul,85000,3,2.25,2207,4791,1912,102,2,137,Y,44.961506,-93.063721,FALSE,Training
St. Paul,499900,4,2.5,3052,6098,1891,123,3,1,N,44.944691,-93.137184,FALSE,Training
St. Paul,132990,3,1.75,1562,4356,1900,114,2,2,N,44.956978,-93.063278,FALSE,Validation
St. Paul,279900,5,2,2100,6534,1911,103,2,2,N,44.967865,-93.16909,FALSE,Training
St. Paul,349900,3,2.5,2044,6098,2005,9,2,137,Y,44.988087,-93.135689,FALSE,Test
St. Paul,104500,4,2.25,1378,4791,1950,64,2,40,Y,44.976887,-93.06308,FALSE,Test
St. Paul,279900,2,1,1271,10890,1920,94,2,47,N,44.982567,-93.137825,FALSE,Training
St. Paul,339900,4,1.75,2534,6969,1912,102,2,69,N,44.938725,-93.187782,FALSE,Training
St. Paul,125900,3,1,1351,8276,1925,89,2,98,Y,44.96833,-93.015533,FALSE,Training
St. Paul,215000,2,1,1200,6098,1911,103,1,104,N,44.943634,-93.138107,FALSE,Validation
St. Paul,795000,5,3.25,4305,6969,1894,120,0,134,Y,44.936386,-93.126938,FALSE,Training
St. Paul,240000,4,1.75,1564,4791,1949,65,1,20,N,44.913914,-93.185417,FALSE,Validation
St. Paul,374900,4,2.5,2046,4791,1911,103,2,8,N,44.935455,-93.138138,FALSE,Training
St. Paul,100000,2,1,938,7840,1900,114,1,75,Y,44.968307,-93.170013,FALSE,Validation
St. Paul,149900,2,1,784,9888,1954,60,2,1,N,44.944359,-93.154572,FALSE,Test
St. Paul,69000,3,1,961,3484,1880,134,0,137,Y,44.961514,-93.062027,FALSE,Test
St. Paul,134900,3,1,1218,6534,1939,75,1,119,Y,44.969048,-93.018509,FALSE,Test
St. Paul,93900,3,1,1292,5227,1940,74,1,99,Y,44.978943,-93.104073,FALSE,Training
St. Paul,189900,3,0.75,1464,6098,1950,64,1,36,N,44.989857,-93.139168,FALSE,Test
St. Paul,169900,3,2,1398,6098,1940,74,1,9,N,44.979076,-93.061493,FALSE,Training
St. Paul,289900,5,1.5,2750,6969,1907,107,2,1,N,44.948837,-93.139473,FALSE,Test
St. Paul,919900,6,4.25,4912,15681,1907,107,8,47,N,44.938606,-93.139648,FALSE,Training
St. Paul,98000,3,1.75,1005,3920,1910,104,1,119,Y,44.969769,-93.058136,FALSE,Test
St. Paul,195000,4,2,1624,5662,1904,110,2,137,Y,44.931999,-93.089371,TRUE,Training
St. Paul,209900,3,2.25,2296,8712,1978,36,2,76,Y,44.913395,-93.006508,FALSE,Training
St. Paul,117900,3,1,1403,5227,1921,93,1,77,Y,44.960999,-93.060463,FALSE,Validation
St. Paul,284900,3,2.5,1932,5662,1950,64,2,99,N,44.985348,-93.140388,FALSE,Validation
St. Paul,299900,3,2.25,2014,6534,1949,65,2,119,Y,44.987152,-93.140991,FALSE,Training
St. Paul,149990,3,2,1220,4791,2014,0,1,104,N,44.970657,-93.079002,FALSE,Training
St. Paul,124900,3,1,1200,4791,1913,101,1,137,N,44.970715,-93.133118,FALSE,Training
St. Paul,193000,4,1.75,1460,4356,1921,93,2,96,Y,44.953686,-93.14193,FALSE,Training
St. Paul,134999,3,1.75,1650,9539,1890,124,2,137,Y,44.963734,-93.059174,FALSE,Validation
St. Paul,84900,2,1,732,4356,1924,90,3,110,Y,44.92717,-93.142082,FALSE,Test
St. Paul,109000,4,1.75,1650,5227,1898,116,2,117,N,44.956505,-93.058861,FALSE,Training
St. Paul,89900,3,2,1180,4791,1914,100,1,119,Y,44.971088,-93.135155,FALSE,Test
St. Paul,62500,1,1,760,7405,1900,114,2,57,Y,44.92844,-93.142342,FALSE,Training
